#{"t_start": 1680229914.098205, "env_id": null}
r,l,t
-252,1808,5.400605
-106,2825,10.66273
-262,2425,15.685293
16,2353,20.066679
270,1010,21.921075
-59,2478,26.415111
-37,2894,31.856985
-2,2800,36.948652
-245,2013,40.527157
-60,1955,44.032288
-251,1696,47.031101
-254,2449,52.096722
-42,2842,57.74365
19,3624,65.00899
84,2954,115.771492
-189,2204,119.829074
-98.0,6591,133.239088
-299,1838,136.898152
94,2488,141.366184
-155,2380,145.602356
-180,1831,148.89832
49,3271,154.569181
-2,2118,158.310195
-184,3160,163.860069
-69,2620,168.301854
-89,2582,172.816635
-111,2237,177.105714
-127,3104,227.913796
-57,2430,232.52585
11,3721,240.146369
-344,1811,243.626609
72,1591,246.422759
-71,2913,252.065847
-72,2723,257.3234
-240,2799,262.732385
70,2565,267.732592
-343,2099,271.754618
70,2375,276.315454
14,3600,283.255981
-27,2360,287.884329
-60,3303,294.489859
44,1913,349.049179
-28,2594,353.407578
-285,1902,356.653306
-7,3073,361.780741
-252,2481,366.04752
24,2859,370.965881
-96,2795,375.676218
6,2154,379.363775
-264,1790,382.362342
167,2139,385.957565
-172,2650,390.495156
158,3147,395.804247
-295,1844,398.978408
-243,2452,403.236286
-30,2839,452.907418
-280,1052,454.456544
-156,2859,459.051392
-162,2709,463.566116
35,2827,468.804988
-173,1988,472.913758
-198,1761,476.360694
-122,2518,481.550796
188,927,483.550377
-47,3186,490.275249
-29.0,5235,500.506429
-284,2081,504.095439
-100,2304,508.019503
-64,3202,513.58357
-216,2600,518.094492
-166,1911,565.450853
-50,3179,570.659671
-45,2318,574.565784
-306,2186,578.329355
109,2104,581.921559
-227,2269,585.803821
-267,1583,588.865762
-28,3088,595.210232
-29,3004,601.368857
-96,1957,605.544215
3,3803,613.350252
16,2436,617.963299
-347,1644,620.784424
-50,3012,626.073731
-39,3181,675.9049
-101,2845,680.690686
-346,1630,683.445182
-297,2202,687.193828
-209,1359,689.506888
-129,1730,692.451563
-102,2633,696.916583
-16,3411,702.711922
-101,2707,707.374703
-32,2442,712.093376
-59,2687,717.742998
32,2233,722.295741
-328,2210,726.818805
192,2576,732.227402
-209,2488,737.171631
-112,2090,784.470507
-240,1675,787.652845
-227,1785,791.314399
-237,2710,796.958855
-173,1890,800.130053
8,2429,804.197626
-302,2654,808.637604
-251,2764,813.257995
-88,2917,818.159901
-24,2132,821.77366
132,1694,824.630059
-340,1287,826.866269
-119,3421,833.970419
-287,2009,838.207689
-15,2842,844.225844
-221,1972,848.418935
127,2634,898.722095
-26,1726,902.091305
-203,2637,907.088157
-227.0,6009,918.30386
-262,2209,922.102597
-87,2019,925.551758
-151,2415,929.7305
-293,2131,933.658948
4097.0,5570,943.745676
-55,2442,948.096123
-190,1426,950.673406
-212,2222,954.74135
-215,2183,958.757487
-4,2185,1006.963696
-80,2748,1011.795731
13,2301,1015.983526
-137,2800,1021.33784
-258,1937,1025.045475
71,1760,1028.365387
-50,3143,1033.940649
-225,2603,1038.891894
-23,2928,1045.05456
3,2744,1050.456916
-26,3592,1058.150948
254,1211,1060.57277
-267,1998,1064.650494
-28,2132,1069.100319
-106,2030,1073.330676
-76,2847,1125.467424
-215,1782,1128.770547
-238,2200,1133.406329
-339,1647,1137.134799
-154,2714,1143.107978
-252,2563,1148.721167
-263,2340,1153.907991
63,2668,1158.521719
-205,2403,1162.760953
-300,1536,1165.492011
-142.0,7246,1178.432011
351,540,1179.395387
-10,2537,1183.914829
-203,2178,1187.939889
-35,3502,1238.081487
-2,2271,1242.138929
-68,3171,1247.92829
-144,2314,1252.264063
-346,2298,1256.664232
103,3172,1262.843666
12,2966,1268.672483
-26,3081,1274.542881
-121,2259,1279.018722
-249,1830,1282.345738
-237,2160,1286.204682
-260,1868,1289.62043
-262,2084,1293.438675
-186,1970,1296.972511
-176,2053,1300.604724
-84,2862,1355.292153
-247,3222,1360.918117
-41,3036,1366.082022
-128,2596,1370.618746
-227,1590,1373.515795
7,3070,1378.974956
-235,1776,1382.14513
-170,2491,1386.635147
-52,2187,1390.452241
-23,2966,1395.782006
89,2949,1400.950467
-261.0,5961,1411.733739
-40,2956,1464.314937
244,867,1465.767354
5,2664,1470.532535
-242,1756,1473.764108
26,1953,1477.11508
93,3550,1483.747755
-57,2474,1488.52471
-46,2382,1493.448474
71,2256,1498.280169
-258,2091,1502.677947
-148,2696,1508.052304
-72,2459,1513.075772
-23,2378,1517.54586
51,2356,1521.698633
-234,2066,1525.171091
-132,2315,1529.38865
10,2435,1578.907397
-255,2612,1583.419565
-196,2296,1587.375795
64,3498,1593.456733
-290,2391,1597.549795
7,2915,1602.577732
13,2015,1605.7694
-258,1557,1608.256353
-22,2602,1612.704275
13,2677,1617.345612
237,1610,1620.131257
229,1852,1623.386986
215,2830,1628.463224
-256,2734,1633.078832
1,1832,1636.462932
-304,1262,1684.220942
-222,1794,1687.299206
-3,2582,1692.106144
-203,2465,1696.75911
-252,1608,1699.614403
-348,1334,1701.885941
-242,1736,1704.90497
157,2282,1708.702678
112,1831,1711.820106
-128,3379,1717.831114
242,722,1719.100924
-213,1682,1721.969807
-256,1932,1725.41575
-92,2775,1730.292673
-12.0,7510,1743.334839
-230,1640,1794.320507
-185,2571,1798.992969
-222,1962,1802.993142
-2,3099,1808.712548
-208,2160,1812.269588
-188,2615,1816.824177
-186,2426,1821.143391
-230,2195,1824.90222
-34,2757,1829.72536
-240,2701,1834.459892
93,3766,1841.043177
-208,2697,1845.803722
-308,1832,1848.94321
-164,2740,1853.738456
-68,1935,1900.39817
-145,2666,1904.496195
-266.0,6967,1917.974949
-254,2280,1922.821459
-130,2951,1928.950337
-195,2363,1933.806695
-129,2938,1939.343292
-181,2116,1943.07157
-164,1520,1945.784461
-296,2162,1949.553203
-121,2073,1953.20826
-55,2992,1958.476114
-149,2617,1963.053209
58,2590,2012.096147
-246,1854,2015.033227
-15,3299,2020.535252
-192,2490,2024.850985
115,2212,2029.082137
-238,2232,2033.613222
11,2888,2039.266445
-249,2477,2043.997737
-79,2660,2049.334031
-227,2265,2053.538808
-128,2774,2058.653505
-69,1899,2061.908495
-306,1621,2064.832511
91,1678,2067.722205
-297,1690,2070.671174
-204,1706,2073.495159
-5,2705,2125.542948
-322,1798,2128.707677
-268,1524,2131.490357
-33,2843,2136.50482
-192,2258,2140.52171
-202,2089,2144.230305
-89,1637,2147.177284
128,1449,2149.965558
-350,2624,2154.903758
-264,1966,2158.853893
-118,1479,2161.630621
-27,3600,2168.691062
-259,2550,2173.425355
62,3058,2179.149167
-250,2034,2182.820958
-106,2588,2187.624969
-44,3254,2240.713351
-48,3250,2246.107893
22,2232,2249.812686
-249,1976,2253.059842
-271,1924,2256.38922
-5,2581,2260.708773
-187,2791,2265.445887
-310,2141,2269.051506
-70,2220,2273.021522
-147,2408,2277.476046
-133,2234,2281.571451
-177,2492,2286.118792
-222,1935,2289.787917
-277,1872,2293.184098
-146,2617,2298.013276
-290,1736,2348.372261
46,3597,2354.560581
-194,2034,2358.144939
-12,2816,2363.343669
-116,2780,2368.320947
-29,3304,2374.307193
-144,2954,2379.480702
-264,2244,2383.276359
-307,1735,2386.287395
103,2988,2391.817952
-30,2933,2397.210584
-198,2616,2402.147916
-270,2687,2407.011413
44,2553,2459.815234
-294,1106,2461.668619
-292,1463,2464.220654
-281,2471,2468.460888
-1,3294,2474.14262
-160,2088,2477.738907
-7,2453,2481.997097
-9,2532,2486.362551
-275,1788,2489.446151
-308,1947,2492.814813
-52,3228,2498.190176
300,995,2499.673282
-352,2550,2503.999249
-338,1637,2506.903293
210,1571,2509.839912
-15,2820,2515.331723
-109,2546,2520.157193
-143,2497,2570.163863
32,2179,2574.616233
-48,2680,2580.237613
-226,2584,2586.120149
5029.0,5395,2597.631196
-44,2301,2602.256724
-212,2056,2606.5812
-200,2913,2612.53997
-273,1844,2616.158647
297,1088,2618.207147
-36,2527,2623.222524
-212,2273,2627.340715
-176,2264,2631.824466
104,2763,2637.357247
-257,2260,2690.560008
30,2240,2694.421004
4,3650,2700.921568
-322,1892,2704.318774
-76,2971,2709.561147
-242,1660,2712.499424
-157,2548,2717.179907
14,2604,2721.877263
-223,2354,2725.831963
269,1173,2727.927057
-194,2686,2732.596607
2881.0,5333,2741.979446
-270,1924,2745.482915
-28,2640,2750.264589
-64,2674,2801.877403
132,2478,2806.059932
-4,2916,2811.64261
-217,1610,2814.863051
-88,3040,2820.441859
-334,1440,2823.017994
-296,2032,2826.594363
-179,2374,2830.895721
150,1938,2834.353116
-130,2623,2839.03596
55,3009,2844.375786
22,2654,2849.097058
-80,2846,2854.346967
167,2195,2858.17451
-258,2098,2861.924968
-179,2420,2914.312895
-309,2272,2918.661451
-40,3789,2925.074276
-63,1930,2928.663
-128,2800,2934.41626
39,1824,2938.306462
-158,2274,2942.824785
-141,2354,2947.717977
152,2793,2953.776395
-262,2311,2958.333013
233,2592,2962.972191
-289,1682,2965.985596
-211,1750,2969.039613
-340,1634,2971.944431
-4,2399,2976.32233
240,1190,2978.406402
220,1464,3025.419247
-48,2350,3029.311409
-144,2320,3033.533911
-283,1795,3036.797486
-181,1992,3040.447426
-75,2283,3044.615131
-158,2909,3049.974679
171,2298,3054.330106
-8,2638,3059.201005
-3,2992,3064.782925
-5,3333,3071.079428
-346,972,3072.890712
-127,2925,3078.233154
20,2916,3083.538437
-81.0,5813,3139.724396
-267,1883,3142.912095
82,2089,3146.643197
-121,2350,3150.837932
-228,2951,3155.974167
0,2479,3160.335043
-250,1576,3163.072721
-201,1748,3166.106157
-256,2420,3170.709129
-51,3522,3177.341143
-20,3174,3183.189954
-36,3109,3188.887407
-259,2293,3193.149128
-95,3111,3198.856428
-108,2370,3246.801302
-213,2144,3250.885405
16,2707,3256.428036
-71,2879,3261.579763
-352,2330,3265.589694
-348,1861,3268.806288
-159,2327,3272.887168
187,2202,3276.643176
-93,2807,3281.970386
-233,2971,3287.390421
-42,2957,3293.580212
-127,2221,3298.415077
-122,2874,3304.476801
-227,2109,3308.869826
-75,2210,3313.783716
-259,2473,3362.292703
-101,1995,3366.512008
-29,3349,3373.758947
-167,2588,3378.800083
-352,1623,3381.754274
-44,2593,3386.240759
-215,2386,3390.310156
173,2739,3395.025167
-66,2940,3400.373249
-2,3875,3407.571259
-189.0,6266,3420.084552
-63,2728,3425.331905
5,3676,3477.454098
-101,2782,3482.988801
2,2985,3488.867821
-3,3565,3496.021278
-242,1748,3499.187167
33,2119,3502.752073
-35,3433,3508.94211
43,3340,3514.874332
-349,2069,3518.306011
1,3425,3524.090571
-346,1567,3526.746666
-198,2778,3531.453272
-262,1704,3534.756314
-73,2237,3584.083402
-278,1253,3586.119075
-14,2929,3591.758802
-290,1692,3594.957567
-161,2853,3600.818242
100,1133,3603.010625
-111.0,6892,3616.735912
-297,2880,3622.205653
-157,2072,3625.955026
-308,1778,3629.242251
-310,2048,3633.059808
-260,2182,3636.846116
-189,2136,3640.704263
-146,1924,3644.223897
-329,2068,3648.107604
8,2704,3697.728279
41,2338,3701.691198
-339,1736,3704.752706
94,2625,3710.012616
26,3963,3718.682982
-45,2085,3723.385347
-182,2782,3729.45401
-144,2313,3734.462223
-29,2316,3739.014142
-232,2583,3743.636357
-301,1605,3746.520149
-18,2436,3750.814117
-160,2030,3754.518557
-31,1901,3757.966653
-4,3046,3763.395805
234,2235,3811.290071
-85,2592,3815.726327
-266,2678,3820.464174
-257,2106,3824.234054
-292,1564,3827.062882
-56,2680,3832.564851
237,2711,3838.069105
80,2710,3843.579948
-152,2317,3848.273465
-139,2510,3853.202879
-92,2487,3857.82607
222,962,3859.560883
-11,3038,3864.960762
-46,2853,3869.931181
-342,1512,3872.537484
-257,2702,3922.486567
-302,1496,3925.420384
-232,2168,3929.630492
-248,2579,3934.862299
-102,2792,3940.369738
-18,2255,3944.737021
-38,1484,3947.715702
-94,2600,3952.72911
-298,1770,3956.119772
-124,2988,3961.956243
7,1834,3965.588512
177,1984,3969.442054
-244,2194,3973.734124
-75,2720,3979.148024
-249,1684,3982.603401
189,1378,3985.351465
144,1591,3988.43186
112,1627,4040.833548
-4,2358,4044.660491
-21,3143,4050.126251
-190,2574,4054.701153
-37,2985,4060.091139
-35,2834,4065.166114
-22,2261,4069.690418
-294,1801,4073.584474
-30,2330,4078.737509
-70,2142,4083.453541
15,3330,4090.615154
13,1715,4094.365568
-73,3415,4101.107896
-22,2830,4106.275514
-255,1694,4153.11918
-146,2340,4157.267493
8,3248,4163.035859
280,1468,4165.708928
-310,1550,4168.509531
-124,1817,4171.799292
-14,2412,4176.155626
3,2949,4181.475127
-232,1468,4184.105228
-196,2146,4188.171009
-94,1729,4191.976922
-154,2034,4196.308681
-45,2551,4201.670099
-137,2544,4207.055405
-160,2842,4213.008757
122.0,6588,4268.915292
246,1060,4270.993489
-197,2262,4275.491343
-293,1490,4278.266846
-269,2525,4282.7692
4.0,7123,4295.408164
-19,3036,4300.839849
-312,2400,4305.141502
-352,1446,4307.806784
-202,1990,4311.932162
-280,2495,4317.236537
-3,3298,4324.099975
110,2997,4330.191502
-151,2102,4380.574668
30,3111,4386.235046
175,1936,4390.192205
-325,1872,4393.999658
-29,2217,4398.158012
-9,2609,4403.464297
-262,2609,4408.742126
-151,2757,4414.135791
-141,2940,4420.094454
-311,2470,4424.827247
-180,3016,4430.746728
-43,1779,4434.078779
-8,1806,4437.621441
-198,2940,4443.321005
169,1284,4445.80816
350,1002,4447.724435
-73,2486,4496.357778
213,2589,4500.814031
160,1700,4503.853411
173,2404,4508.203619
4,3786,4515.049264
-51,2862,4520.155804
-350,2763,4525.072134
-138,2270,4529.120856
-6,2239,4533.124989
-198.0,4959,4541.92953
-161,2013,4545.499975
-41,3016,4551.375073
-351,1884,4554.972214
19,3787,4605.389947
-184,2183,4609.102132
-128,2547,4613.549677
-177,2662,4618.264069
-259,2688,4623.015908
-128,1712,4626.028436
-195,2557,4630.530657
-28,3028,4635.867996
-135,2795,4640.841185
-37,2594,4645.455338
-324,1838,4648.72489
-205,1756,4651.83359
-33,2391,4656.046751
-204,2670,4660.78832
285,1601,4663.640999
-131,2911,4713.166498
-8,2687,4717.896567
-24,2664,4722.967505
-43,2188,4727.041147
-30,3388,4733.889275
301,772,4735.347548
-157,1841,4739.105464
-312,1897,4743.132216
-8,3697,4750.585987
2,3123,4757.066621
41,2260,4761.149335
-184,2910,4766.367036
-37,2855,4771.457426
-154,2650,4776.206465
-60,2736,4824.094392
17,2907,4829.100554
-57,2627,4833.806095
-352,1562,4836.624726
-210,1747,4839.746704
-9,3164,4845.442044
2,2449,4849.842566
-224,2366,4854.122197
-194,2212,4858.073519
22,3116,4863.682609
-21,2930,4868.917277
-213,2699,4873.76592
143.0,6596,4929.496512
-80,2095,4933.457907
-214,1785,4936.851141
3257.0,5429,4946.547914
1473.0,5648,4956.718761
-7,3591,4963.150437
223,1376,4965.615675
234,951,4967.332211
-258,2520,4971.794002
-203,2633,4976.478581
79,1873,4979.823899
-125,2437,4984.14221
-56,2320,4988.24913
-42,3095,5037.569356
-234,2034,5041.612478
-24,2081,5045.974783
-20,3514,5053.522599
-136,2295,5058.306759
-266,2338,5062.706648
-346,1115,5064.688843
-85,2324,5068.908018
300,2528,5073.697104
-166,2788,5078.690269
-247,1980,5082.315892
-198,2863,5087.692844
-80,2863,5093.405302
-20,2736,5098.65991
48,2995,5104.883813
-27,2182,5153.623062
5,2849,5158.985363
-14,3394,5165.594221
-106,2603,5170.59829
-204,3209,5176.7723
1058.0,5006,5185.829001
156,1724,5188.944135
-300,1600,5191.869071
-22,2263,5195.95753
-102,2584,5200.597692
-128,2391,5204.903066
-29,3122,5210.48213
296,755,5211.830281
-8,1528,5214.584123
-68,2261,5262.479946
-272,1902,5265.506421
-21.0,7165,5279.057085
-137,2086,5283.036981
-65,2626,5288.129683
-18,2497,5292.879802
-328,2697,5298.114807
-280,2122,5301.910714
-22,2325,5306.060246
-247,3112,5311.598799
-264,1371,5314.056527
-160,3010,5319.435023
-2,2966,5324.755625
-232,1963,5373.683022
-119,1861,5376.723612
57,2675,5381.346547
153,1655,5384.269101
3,2815,5389.639571
63,2253,5394.143488
-142,1928,5397.960252
-238,1706,5401.486403
-295,2000,5405.803715
-103,1832,5409.170536
-75,2844,5414.759179
347,1490,5417.637806
-160,1904,5421.13144
-16,2728,5426.108898
-137,1914,5429.467278
89,2936,5434.707352
-187,2191,5438.71131
-108,3149,5486.968969
-64,3080,5492.281898
92,1007,5494.044159
-40,3818,5500.808932
-166,2998,5506.129108
10,2317,5510.8149
-242,1746,5514.697052
-157,2088,5519.236549
7,2583,5524.854567
-204,1908,5529.117573
-2,2624,5534.848454
116.0,4573,5543.410905
1541.0,10265,5605.68201
112,1533,5608.360783
-176,2480,5612.755069
-34,2865,5617.846764
-257,2189,5621.768195
-59,2120,5625.55532
70,3099,5631.909024
-257,2539,5637.442767
-212,2417,5642.814867
-230,2584,5648.323655
-31,1816,5652.251868
-167,2061,5656.704958
-291.0,5813,5710.267884
148,1952,5714.037013
-100,3449,5721.262905
-92,2836,5727.350101
-133,3000,5733.929921
-201.0,6893,5748.916219
31,2450,5753.930048
-45,2768,5760.020443
146,2374,5765.184548
-208,1934,5769.205485
-17,3534,5776.746355
-313,1610,5779.708527
-199,2876,5828.782396
-66,2709,5834.497166
-248,2036,5838.521401
74,1961,5842.024378
110,2665,5846.774728
43,2024,5850.375619
-34,2448,5854.786818
-110,3024,5860.268151
-14,2713,5865.196238
-43,2830,5870.899687
-151,2343,5875.466322
-345,1380,5878.074865
-60,1938,5882.171134
-44,1820,5885.971919
232,1872,5889.547342
6,3148,5940.38398
-125,3038,5945.29932
196,918,5946.870833
-37,2794,5951.75481
0,3726,5958.369038
-207,2644,5963.049712
-233,1742,5966.135606
-152,2774,5971.043924
120,2522,5975.536779
16,1843,5978.797823
-213.0,6533,5991.034013
-11,2467,5995.987292
-303,2932,6001.784082
-296,2245,6051.115737
290,840,6052.404919
24,2855,6057.286438
175,1369,6059.709887
-187,2095,6063.411423
-198,2062,6067.061162
-187,1334,6069.446573
-156,2759,6074.351934
-18,2455,6078.706892
-118,1814,6081.917127
-9,2418,6086.206764
235,1706,6089.235495
-246,1690,6092.233783
-42,2912,6097.400274
101,1884,6100.743296
-168,1770,6103.896802
-8,3448,6110.476086
-172,1610,6157.295944
0,2814,6161.796093
107,1874,6165.194717
-55,2545,6170.153874
-213,2004,6174.42882
-20,3762,6181.83016
32,2268,6186.495535
-8,3580,6193.447416
-263,1503,6196.454248
37,3203,6202.20463
-150,2799,6207.211454
-142,2068,6210.913473
-99,2673,6215.695447
-255,2123,6219.486866
-254.0,6403,6274.525928
168,2150,6278.4139
-140,2808,6283.541636
-99,2080,6287.31126
-28,2015,6290.884655
-182,2859,6295.971118
-249,2702,6300.78217
118,2243,6304.828721
73,2198,6308.75647
168,2213,6312.683878
-56,2254,6316.704528
-11,2970,6321.966154
-13,2787,6326.908125
24,3160,6375.864438
-238,2478,6380.000941
-13,2040,6383.521237
-178,2577,6388.044924
-222,2604,6392.669145
-351,2507,6397.127663
-205,2500,6401.566169
-156,1248,6403.783354
-292,1818,6407.088008
-62,2314,6411.204539
-112,2346,6415.412932
-184,2731,6420.282603
-213,2356,6424.51176
-238,2316,6428.640436
-101,2398,6432.90046
-60,2180,6436.823295
-210,2479,6485.559902
85,1760,6488.752166
-237,2458,6493.661815
-251,1550,6496.988961
-12,2918,6502.650696
32,2703,6507.560229
-235,2346,6511.971716
-311,1449,6514.712494
-157,1738,6517.856888
-209,1808,6521.162331
93,2126,6525.286994
-208,2196,6529.658872
10,2594,6534.937403
-104,2464,6539.671012
12.0,8024,6598.657805
335,1011,6600.431967
-258,2479,6605.121
-343,1300,6607.758307
-87,2943,6613.286698
22,2263,6617.713894
2,2652,6622.551615
-28,2896,6627.817646
-12,2852,6632.910825
-100.0,6339,6644.382869
-212,2414,6648.688547
12,2714,6653.479523
-42,2776,6658.400247
-306,2101,6706.47444
-55,2250,6710.454963
3,3369,6717.292118
-148,2479,6722.213502
-200,2037,6726.380126
-172,1882,6730.257538
-126,2388,6734.879036
-106,2833,6740.171858
-194,3059,6745.693811
1,2132,6749.468416
-314,1982,6752.996851
-209,1408,6755.523299
-69,3182,6761.177929
-215,2449,6765.565244
44,1896,6768.979541
-294,2589,6816.550548
-218,1978,6820.129938
-1,3519,6826.671035
158,1857,6830.27774
-303,2048,6834.580719
-347,1784,6838.481301
-299,2500,6843.61488
83,2478,6848.878486
-298,1748,6852.659203
-157,2084,6856.683304
-57,2351,6861.013117
-169,2459,6865.476014
-307,2279,6869.710598
11,2377,6873.969721
229,1524,6876.776252
-255,2672,6881.753971
-163,2316,6930.638677
-228,1813,6933.581418
-150,2060,6937.151756
-223,2477,6941.537706
-201,2342,6945.711038
-35,3380,6952.098593
-138,1755,6955.492869
296.0,5317,6965.76346
-49,2492,6970.794827
50,2134,6975.017324
6,2671,6979.977548
-214,1920,6983.448933
-101,2826,6988.62637
-40,2128,6992.523505
-129,2757,7041.110658
-314,1910,7044.43203
362.0,6529,7056.892264
-184,2671,7061.974693
-352,1749,7065.370486
-175,2635,7070.601517
-206,2502,7075.403954
-347,1482,7078.241239
-313,1429,7081.084883
-165,2458,7085.92708
-228.0,6199,7098.078818
289,1231,7100.27903
-350,1639,7103.238655
-12,3238,7152.931863
-235,2189,7156.525495
-263,1730,7159.465921
-298,2105,7163.115762
302,2121,7166.833427
-194,2120,7170.572876
-204,2190,7174.435039
-21,2899,7179.542922
-32,2876,7184.639236
-305,2096,7188.709112
-170,1980,7192.854056
-92,1790,7196.352993
-41,1826,7200.026217
-50,2665,7205.70944
6,1664,7209.069215
-219,2957,7215.363021
-245,2692,7263.79799
-94,2189,7267.486556
-137,2978,7272.992439
-254,2003,7276.649932
55,2769,7281.705768
-9,2770,7286.845989
-144,2462,7291.294329
-216,2754,7296.54324
-47,2662,7301.457257
-170.0,8306,7317.45887
-257,2386,7321.930367
-194,1824,7325.577929
-9,3286,7376.897905
-294,1746,7379.87037
3251.0,5227,7389.301554
-60,2761,7394.325754
-37,2552,7398.956198
-150,1765,7402.121336
246,2463,7406.552877
117,3265,7412.41838
-267,1827,7415.94813
103,2349,7420.296486
-263,1417,7422.942052
114,1531,7425.928359
30,2883,7431.62834
-131,2639,7437.037943
105,2361,7485.516811
-301,944,7486.993963
-53,3389,7492.716547
-68,2396,7496.926833
21,1655,7499.887706
-199,2271,7503.945603
2,2729,7508.777308
-92,2273,7512.874456
-260,2850,7517.926494
10,3811,7524.682755
-136,2106,7528.432086
-18,2736,7533.287359
-313,2026,7536.881591
-14,1996,7540.426559
-118,2652,7545.147288
-215,2300,7595.130894
-67,2597,7599.9074
57,2871,7605.219001
-159,2513,7609.978975
-194,2261,7614.833427
-234,2050,7619.054784
-228,1676,7622.310249
-21,2987,7628.63298
-80,2838,7634.211378
-191,2279,7638.520751
-267,2096,7642.275882
28,2140,7646.131038
-55,2140,7649.945245
-18,3043,7655.388274
-189,2467,7659.796998
160,2789,7708.40242
-82.0,7000,7720.765772
-49,1090,7722.729938
-252,1381,7725.230504
-275,1980,7728.752469
178,2408,7733.000675
-129,2098,7736.695882
-346,2114,7740.412519
-11,3023,7745.727995
-269,1492,7748.352243
-221,2393,7752.557576
-80,1850,7755.8143
-192,2171,7759.637268
-258,2526,7764.084654
-336,1150,7766.107821
-246,2763,7816.160394
-205,1690,7819.01798
45,3147,7824.565704
-299,1879,7827.934139
-41.0,5629,7838.073946
-61,2826,7843.133992
-64,2561,7847.741846
-310,2022,7851.363296
-227,1876,7854.695454
-112,3798,7861.435528
-170,1864,7864.748975
53,2151,7868.585657
-260,1535,7871.311371
-299,1855,7874.630627
63,2052,7922.100469
-152,2695,7927.139549
10,3785,7934.559689
-40.0,6187,7946.629185
-306,2318,7950.920131
-134,2896,7956.494969
-186,2856,7961.866521
-25,2210,7966.179432
335,1357,7969.077651
-218,2436,7974.349126
2,3275,7981.000755
0,2136,7985.727577
-80,2951,7991.703187
-202,2045,8040.546981
-213,2922,8046.108504
-65,3470,8053.007571
-118,3005,8058.646411
-11,3900,8065.802725
9,3405,8072.094725
-302,947,8073.835725
268,1311,8076.260212
-248,2300,8080.501677
-179,1920,8084.010288
-185,2893,8089.30227
-252,1441,8091.900662
-257,1520,8094.648824
-98,2798,8099.761986
-143,2678,8149.31815
-348,1094,8151.281671
-89,2462,8156.05962
-111,2419,8160.812503
-120,2912,8166.44616
-305,2214,8170.997977
-26,3062,8176.704787
-214,2372,8180.936188
-91,2435,8185.281753
-75,2755,8190.239148
-195,1616,8193.136677
-75,2150,8197.034449
-92,2903,8202.256372
231,1046,8204.142507
88,2154,8208.018121
-39,2597,8212.638614
349,1149,8214.675201
-163,2270,8262.841807
148,1018,8264.531631
-163,2106,8268.29107
5266.0,6699,8281.739656
-253,1556,8284.745099
0,3095,8291.262458
-45,2621,8296.369543
351,928,8298.111448
-26,1552,8300.869546
-230,2683,8305.84181
-191,2654,8310.783742
-268,2307,8314.933506
-203,2338,8319.405916
-277,1606,8322.35165
-225,2902,8371.720437
-18,2811,8376.179356
-29,3160,8381.656456
85,3127,8387.301155
-352,2087,8391.256931
-175.0,7781,8406.465311
112,2564,8411.656345
-187,2521,8416.351293
-116,2291,8420.585558
-195,2220,8424.682229
-157,1908,8428.206886
-161,2660,8433.036453
-25,2032,8436.710539
-169,2444,8485.768416
-138,3022,8490.88488
-150,2592,8495.404675
151,1110,8497.365541
-132,2368,8501.556985
-343,1588,8504.359855
-160,2828,8509.587772
-9,2828,8515.190076
-58,2766,8520.963221
-178,2472,8525.82117
-98,2266,8530.540788
-332,2264,8535.116698
-287,2469,8539.713299
58,3008,8545.054754
-2,1744,8548.212559
-30,2396,8595.940493
-214,2414,8599.966847
60,1821,8603.111014
-235,2576,8607.628593
-48,3092,8613.083015
-350,1634,8615.966545
245,1127,8617.954976
137,2691,8622.721721
52,2703,8627.66326
-203,2791,8632.959279
-46,2242,8637.614768
-348,2076,8641.863127
127,2516,8646.664097
-195,1593,8650.033801
-303,1529,8653.305527
300,1766,8656.661596
-24,3373,8707.790738
-159,2405,8712.637249
-172,2268,8717.301073
-4,2948,8722.547732
-174,3317,8728.412186
-226,2000,8731.956583
-165,2435,8736.263632
-101,2748,8741.147448
107,2394,8745.404928
-2,3777,8752.678521
-113,1790,8756.068465
22,1937,8760.054406
-260,2746,8765.395795
-129,1582,8768.389976
-288,2362,8817.330765
-22,3420,8823.090859
-138,1435,8825.625206
-225,1831,8828.925832
-23,2871,8834.040431
-187,2484,8838.459728
-295,1706,8841.479534
-310,2222,8845.412479
-3,2236,8849.387708
-122,1965,8852.857056
-111,3008,8858.177101
-23,3304,8864.015243
-28,2311,8868.24114
-172,2579,8873.137987
-347,1666,8876.322754
5,2580,8926.106098
-24,2081,8929.497105
-33,3036,8934.763728
68,2993,8940.022607
15,2643,8944.739703
-303,1241,8946.953466
182,1968,8950.435099
-52,2812,8955.388914
-162,1884,8958.720772
-329,1458,8961.300003
-23,2983,8966.653422
-82,2963,8971.930906
-161,2485,8976.335057
-94,3040,8981.706278
-148,1464,8984.291437
-181,2076,8988.057736
-206,2339,9035.783008
-132,1666,9038.885063
-110,2949,9044.293386
-200,2715,9049.392119
-17,2284,9053.698331
123,2115,9058.150091
236,1469,9061.267817
-101,2459,9065.877638
-161,2574,9071.364575
-252,2433,9076.139873
-278,2805,9081.122152
-332,1808,9084.317621
-200,2044,9087.940374
173,2684,9092.699997
-279,1580,9095.49615
-172,2554,9144.87016
-52,1721,9147.685868
-99,2808,9152.743542
-168,2170,9156.638771
-1,2186,9160.591188
174,1570,9163.421609
-253,2212,9167.413223
89,1809,9170.656828
-164,2254,9174.682293
-163,2881,9179.839175
-93,2045,9183.505747
-294,1582,9186.334296
-334,2371,9190.56868
-153,2768,9195.541273
-197.0,6170,9206.468435
297,1311,9252.694855
91,2688,9257.48194
-108,1975,9261.004479
-96,3109,9266.513175
4,1905,9269.91136
-57,1798,9273.130042
-241,1446,9275.751637
-311,1619,9278.64633
-274,1383,9281.128098
44,2308,9285.26905
-80,2053,9288.974064
-164,1969,9292.46239
-127,2801,9297.418325
-200,1884,9300.789215
-8,3332,9306.698514
-9,3190,9312.360519
0,3104,9363.257127
34,2933,9369.094585
62,3220,9375.260877
-346,1236,9377.584842
-213.0,6923,9390.353777
7,2780,9395.48705
-165,1593,9398.558619
-86,2385,9402.884462
-263,1789,9406.138475
-158,2717,9411.257499
-43,2513,9416.627017
-207,2287,9421.038131
-169,2222,9425.495606
-107,2900,9475.442037
-288,1248,9477.869707
-147,2056,9482.193706
-153,2900,9488.562071
-79,2865,9495.036091
-1,2892,9500.788194
-200,2675,9505.714159
-215,2186,9509.729195
0,2642,9514.589195
-242,2395,9518.996195
-217,2013,9522.745195
-210,2628,9527.749195
61,3292,9534.075537
-21,2394,9538.802488
-344,2440,9543.959569
-285,1844,9592.135566
-244,1823,9595.971223
227,1844,9599.851239
89,1517,9603.156171
-301,1453,9606.357824
-145,3782,9614.520654
-160,2702,9619.75258
-340,2028,9623.520912
-309,1436,9626.156722
-72,1846,9629.492523
-253,2487,9634.050069
-284,1638,9637.016601
-180,2683,9641.835307
-49,2546,9646.481882
20,2100,9650.673344
-193,1554,9653.930009
-331,1423,9656.889141
-271,2092,9704.410249
-180,2551,9709.059549
43,3412,9716.000497
-19,2607,9721.437521
-202,2006,9725.582186
-294,1496,9728.683089
139,2131,9733.282036
55,1686,9736.8557
-101,3042,9742.401259
-246,2101,9746.088496
-100,2908,9751.337134
-190,2687,9756.03154
101,1426,9758.568925
-176,2310,9762.804123
58,2551,9767.379656
-45,3269,9818.089962
152,1787,9820.966381
-148,2958,9826.043599
-257,1862,9829.831689
-247,2143,9834.376563
-70,1944,9838.396563
-190,2611,9844.090036
-80,1722,9847.778996
42.0,6598,9861.147986
-97.0,7396,9874.575736
-85,2320,9878.778454
-38,1528,9881.55547
-1,2272,9929.839444
332,1502,9932.181822
-125,1424,9934.601975
-16,3899,9941.519395
7,2650,9946.247089
-158,1774,9950.084768
-294,1449,9953.255239
-334,1392,9956.294389
-182,2398,9961.434675
-61,2171,9966.258845
-128,1908,9970.562175
-32,1841,9974.516991
-55,2841,9980.01786
-6,2684,9984.879789
0,2092,9988.794939
-33,2804,9993.783573
-51,3177,10043.340887
9,2210,10046.836557
40,3642,10053.173863
-192,2440,10057.528199
-228,2025,10061.15149
-79,2376,10065.402877
-204,1996,10069.259442
-22,3096,10075.907033
-158,2889,10082.047711
28,3888,10090.423836
-208,2013,10094.712714
-195,2476,10099.452482
-47,1630,10102.317602
-112,2416,10106.594202
-33,3134,10155.969023
3,2754,10160.664987
-213,2240,10164.582384
-22,2585,10169.200517
-271,2179,10173.107254
-345,1804,10176.378861
-48,2154,10180.238758
-23,2586,10184.838733
-112,2447,10189.609325
-166,2442,10194.75425
-104,2257,10199.581579
-136,2539,10205.122239
-221,2465,10210.478098
-84,2781,10216.653772
-24,2812,10221.931285
-162,2718,10271.348118
41,2272,10276.04516
-306,1583,10278.944308
-312,1549,10281.710128
-166,2401,10285.988674
-140,3062,10291.458155
-227,2643,10296.184376
-175,1820,10299.435856
-24,2948,10304.725272
-24,2818,10310.526111
-35,2142,10315.274211
-275,1261,10317.932738
-32,2089,10322.467908
-106,2577,10328.196813
-166,2905,10334.617668
-220,2430,10382.641296
-71,3010,10388.261667
-301,1818,10391.770017
284,1529,10394.956375
-165,2376,10399.517739
-331,1456,10402.135181
-2,3443,10408.308046
-248,1411,10410.830229
-248,1940,10414.314497
293,1457,10416.936239
-209,2505,10421.432645
-297,2295,10425.537793
276,2161,10429.964684
-48,3300,10437.279607
-64,2877,10443.222829
1,3735,10495.700966
-204,2528,10500.72572
-7,2723,10506.652978
87,1785,10510.632796
-141,3076,10517.168669
-295,1736,10520.244233
3,2714,10525.138799
-28,3112,10530.742178
-79,1702,10533.792404
-152,3123,10539.338806
-132,1902,10542.72468
-163,1046,10544.610296
-191,2633,10549.992078
-176,1865,10554.205
-167,2872,10560.449501
-256,2777,10566.700226
-215,2040,10614.575101
-14,3102,10620.978961
-229,2491,10626.165341
-149,1565,10629.514616
-117,2263,10634.309927
-347,1494,10637.380458
129,1756,10640.597378
-208,2569,10645.266744
110,1758,10648.440157
48,1784,10651.639129
-298,1412,10654.17734
-109,2599,10658.849702
-38,1876,10662.206067
2,3297,10668.389092
-73,1778,10672.272644
-347,1918,10676.499576
-47,1545,10679.955844
-16,3765,10731.844977
-254,1906,10735.621565
-199,2256,10740.261022
-1,2491,10745.495962
-191,2614,10750.723799
-346,1912,10754.739092
-72,2779,10759.985101
166,1827,10763.302055
-132,2654,10768.052785
-33,1987,10771.598826
-29,1141,10773.66985
110,1759,10776.85075
-94,2506,10781.350524
-15,3282,10787.273274
-293,2012,10791.419506
52,3181,10841.116172
119,2747,10845.868945
-210,1164,10848.107894
-222,2632,10853.462837
-150,2255,10858.186753
-307,2206,10862.917592
-11,2575,10868.431473
-123,2106,10872.884057
44,1698,10876.523071
88,2470,10881.014483
-294,1460,10883.62225
-83,2455,10888.00242
40,2021,10891.630984
-238,1554,10894.400458
62,2322,10898.549659
-349,2322,10902.686075
12,2308,10906.863281
-195,2309,10955.212163
-42,3594,10962.486592
86,1882,10966.454463
-95,3116,10973.03081
-199,1764,10976.655341
-256,2599,10982.273487
-103,1815,10985.939101
-168,2148,10990.290552
-59,2337,10995.264251
-46,2908,11000.732428
-47,2359,11004.993101
-4,3548,11011.338538
-212,1304,11013.665999
-5,1876,11017.001276
-268,2442,11064.975213
-73,1855,11067.909143
-247,2248,11071.88034
-136,2401,11076.146521
190,2204,11080.155795
-163,2441,11084.543167
142,2340,11088.716362
-92,2058,11092.425607
4,2212,11096.389026
136,3006,11101.754603
-119,2246,11105.809155
-42,2566,11110.424355
-215,2073,11114.174514
-103,2121,11118.089457
-254,2455,11122.478643
-123,2543,11127.037108
-6,2544,11176.648886
11,3249,11182.237626
-35,2796,11187.267271
-20,3455,11193.484911
-52,3275,11199.469717
-306,1250,11201.722978
-194,2578,11206.260727
-346,1669,11209.747219
-114,2687,11215.48234
-107,1646,11219.117587
-88,3072,11225.666181
-238,2256,11230.767522
-30,2981,11237.15637
-41,2682,11241.947989
55,1767,11287.996706
-70,1583,11291.206553
-290,1961,11295.486379
-9,3361,11301.837113
-75,1851,11305.233864
-305,1745,11308.394615
-14,3271,11314.343867
-259,1398,11316.818692
-38,2754,11321.792687
-8,2276,11325.894917
-139,2038,11329.961467
-28,2683,11335.618083
-299,2454,11340.687892
-345,1630,11344.105374
-297,2274,11349.016428
-334,1315,11351.77258
44,2725,11401.669379
-21,3170,11407.961106
218,1622,11411.567567
-289,2527,11417.096841
-292,2567,11421.729852
-44,2656,11426.481742
-261,2613,11431.269885
-68,2866,11436.352991
-157,2334,11440.614868
-246,2474,11445.021056
-50,2830,11450.654336
-92,1909,11454.71126
104,2682,11460.608909
-175,2638,11465.992304
-141,2107,11470.333115
-341,1550,11516.592227
-169,2727,11521.749311
-294,2411,11526.849909
-59,1548,11530.194088
-62,3147,11536.775492
-25,3230,11542.597693
-58,2655,11547.36364
-50,3156,11553.043594
-55,1880,11556.482836
-52,2392,11560.70459
-197,2856,11565.829814
46,3194,11572.780826
-259,1334,11575.613419
-22,2348,11580.591278
1,2210,11630.030012
-276,2530,11634.461128
-234,2710,11639.435112
18,1954,11643.179162
-120,2850,11649.181996
-338,2435,11654.625541
5,2317,11659.223363
50,2482,11663.604011
-95,2388,11667.889126
-279,1704,11670.98223
-213,2046,11674.600986
-216,2516,11679.133652
-260,2302,11683.27159
-177,1724,11686.299396
-152,2736,11691.816696
121,2026,11696.146281
98,2473,11743.038716
-16,3064,11748.513606
-223,1534,11751.809325
-210,1360,11754.751107
-90,2200,11759.449896
-7,1596,11762.963921
-298,1657,11766.60335
-7,2332,11771.599583
-225,1769,11775.422805
-50,2958,11780.965273
-230,1736,11784.096224
-289,2747,11788.965957
-68,2714,11793.838891
-218,2456,11798.247723
-159,2715,11803.068836
76,1677,11806.089271
-339.0,6597,11860.605328
-234,2654,11865.218039
118,2293,11869.533449
-227,2100,11874.085039
14,2893,11880.188974
83,3508,11887.641238
14,2911,11893.947088
-119,3011,11899.711668
10,3678,11906.332299
-47,2826,11911.407711
-173,1638,11914.347134
112,2122,11918.278453
-158,1840,11964.290962
-38,2770,11968.730929
-44,1786,11971.772002
-206,2399,11976.000999
-156,1569,11978.809152
-137,2058,11982.50763
-216,2806,11987.633273
4623.0,4933,11998.089412
-193,2542,12003.623632
-166,2812,12009.79024
-264,2673,12015.677955
-171,2137,12019.859588
-237,2176,12023.821939
-52,2518,12028.463454
-25,2301,12076.427435
-191,1112,12078.101898
-181,2009,12081.497815
-244,1438,12084.02135
-166,2778,12088.939667
-76,3148,12094.482532
-98,1936,12097.900463
-333,946,12099.576386
288,2342,12103.700986
-98,2722,12108.939712
-2,2936,12115.159357
-186,1836,12119.183298
-25,2542,12124.844133
-116,2453,12130.102564
-170,2164,12134.798746
-17,3166,12140.84961
-247,2497,12187.716443
-97,2184,12191.893093
-79,2846,12197.506431
-103,2187,12201.358277
-290,2610,12205.971839
-136,2544,12210.462927
-222,2126,12214.21787
24,3292,12220.069324
-284.0,5123,12229.54341
881.0,4504,12239.066288
-222,2486,12244.319779
-333,1297,12247.214997
-42,3159,12253.842409
-53,3432,12305.154786
-286,1798,12308.982103
-142,2425,12314.134035
-142,2264,12318.600964
-184,2946,12323.885055
-170,2611,12328.565246
-137,2471,12332.953702
-119,1943,12336.384183
-139,1115,12338.366669
-47,3966,12345.354761
230,814,12346.836293
-279.0,5999,12359.557435
-204,2584,12365.217027
-88,2882,12414.979964
-195,2803,12420.216923
-197,2472,12425.335711
-259,1072,12427.518464
-345,2493,12432.438147
-220,1919,12436.496978
224,1241,12438.754407
344,1040,12440.614146
-214,1772,12443.787392
-251,1812,12447.034939
-185,2600,12451.660433
213,1249,12453.898187
-223,2408,12458.197619
-256,1640,12461.130995
-17,2149,12464.959183
-128,2334,12469.664642
-168,1499,12472.961808
-15,3136,12479.934963
-12,2518,12528.865429
-107,2072,12532.81936
0,3390,12539.824633
-264,2929,12546.133276
-304,1476,12549.121817
30,1894,12552.954384
-63,3043,12558.679528
-349,1521,12561.395063
-179,2427,12565.748744
-156,2537,12570.302662
-1,2692,12575.110878
110,2567,12579.701465
-16,2399,12583.980232
-351,1874,12587.448972
-137,2630,12592.742074
-212,2039,12639.474432
-242,1828,12642.419161
-163,2429,12646.664972
-37.0,7432,12662.871872
154,1623,12666.485803
-231,1501,12669.823264
-37,2635,12675.510453
-192,2853,12681.356209
-159,2465,12686.623097
146,951,12688.77494
-174,2830,12695.071071
-6,3131,12701.7581
264,1199,12704.410869
-185,2527,12709.986149
-79,2517,12758.916652
-86,2977,12763.878404
21,2352,12768.298088
-251,1441,12771.383147
-104,1923,12775.418435
-306,1742,12778.982301
235,1902,12783.057052
67,2499,12788.182967
96,2845,12794.135347
-146,1839,12797.886448
-74,1567,12800.731836
-180,2452,12805.168119
-177,1964,12808.67754
-60,2546,12813.257169
-142,1983,12816.76407
-3,3598,12823.184962
-248,2211,12869.731652
-159,3181,12875.073118
-48,2590,12879.658969
-190,2409,12884.07736
44,2539,12889.003441
-21,2312,12894.001461
-252,2472,12899.204583
-226,1783,12902.987545
-310,2004,12907.46968
-137,2566,12912.975203
-137,2155,12917.351429
-223,1854,12920.681377
-351,1221,12922.864377
-346,1967,12926.379753
-153,2470,12930.805501
-235,1521,12933.524376
-219,2555,12982.096296
-128,3197,12987.463527
-150,2179,12991.243578
-31,2300,12995.34655
-261.0,6626,13007.229968
-177,2420,13011.613616
-254,2602,13016.193049
-143,2436,13020.670206
-73,2826,13025.694978
309,1212,13027.862676
13.0,7779,13041.770906
-139,2598,13089.178819
-42,2482,13094.074292
-166,2563,13099.125506
-221,1836,13102.474585
-327,1345,13104.936191
205,1935,13108.371066
-181,2795,13113.367558
-190,2594,13117.973011
-42,2792,13122.949849
-290,1314,13125.311478
-6,3218,13131.581943
-234,2054,13136.004082
7,2595,13141.246394
-206,2447,13146.349506
-211,2106,13151.003056
68,3379,13201.466828
296,1707,13204.658561
-140,1672,13208.115971
-128,2313,13213.19506
-148,2800,13218.940625
-349,1538,13221.698547
-11,1992,13225.252208
0,1772,13228.420841
-249,2213,13232.520396
-232,1688,13235.555774
-182,2495,13240.007282
97,2965,13245.394442
-197,2378,13250.295061
-344,1786,13254.179499
-21,2428,13259.275926
-192,2082,13263.472461
-313,805,13265.123811
-212,2628,13270.312565
-42,2418,13317.702241
223,2027,13321.81456
-103,2890,13327.820745
-264,2336,13332.797234
-214,2438,13337.579312
-280,1871,13340.870766
79,1555,13343.626254
-296.0,6081,13354.382649
-215,2980,13359.738023
-137,2950,13364.924935
-212,1619,13367.916118
-257.0,6457,13382.334466
71,1926,13429.821499
159,1741,13433.264821
-118,2337,13438.024918
10,2414,13443.346465
-91,2153,13448.098144
-77,2481,13453.359276
-164,1672,13456.967869
-135,2015,13460.602769
-112,2445,13465.064345
265,1767,13468.26557
-154,2701,13473.196968
206,1879,13476.61529
-70,2151,13480.392713
-182,2609,13485.098654
-188,2304,13489.81545
-240,1540,13492.938772
-156,2509,13540.930514
-209,1870,13543.797434
-248,1644,13546.616147
7,2161,13550.998116
4,2252,13555.942311
-57,2541,13561.497464
95,1675,13565.277418
-182,2184,13570.212178
-240,1658,13573.837113
-268,1559,13577.084729
152,2390,13581.444809
-116,1816,13584.667647
-259,2647,13589.493286
-211,2548,13594.054054
-163,2601,13598.695503
-214,2714,13603.559589
114,1567,13606.315267
-246,2184,13653.627707
-98,1802,13656.425446
-310,1372,13658.745264
8,2552,13663.223015
-14,3538,13670.010581
-173,1948,13674.157035
-300,1544,13677.487858
-15,2103,13682.056548
-54,1746,13685.803588
-181,1846,13689.719704
-286,1570,13693.108698
-29,3573,13700.19008
-282,2767,13705.163453
-22,1822,13708.365421
-98,2841,13713.630414
40,2029,13717.231781
-4,2138,13721.039994
12,2100,13767.343513
-24,2085,13770.86716
-54,2407,13775.107683
-114,2096,13778.849136
-181,2649,13783.586932
-163,3018,13789.469322
40,2121,13794.150183
40,2922,13800.37303
-117,2268,13805.400655
-240,2342,13810.455244
-11,2571,13816.063334
-48,2273,13820.253082
-291,1672,13823.241836
-195,1966,13826.761036
-62,2692,13831.513407
-116,3107,13880.481743
-195,2334,13884.407725
-119,2708,13889.094892
289,1315,13891.39969
-157,3005,13896.730875
-347,2003,13900.312531
-53,2439,13904.662014
-340,1601,13907.630002
25,2906,13913.82185
-157,2022,13918.268482
-153,3053,13924.923507
20,3102,13931.856458
-199,2109,13936.435611
-345,1428,13939.05257
26,2629,13943.774933
-149,2543,13990.741857
-344,1902,13994.378954
-1,3685,14001.242577
25,2382,14005.523675
125,1825,14008.814972
45,3294,14014.732077
110,2507,14019.257277
-7.0,8557,14036.124216
183,2101,14040.56489
-134,1734,14044.194514
1,3296,14051.338255
-260,2563,14056.863183
-227,2481,14105.005643
-36,1733,14108.79983
-110,2732,14114.921654
-72,3001,14120.614376
196,2249,14124.625881
-88,2148,14128.468044
-201,1831,14131.753389
-303,2736,14136.640731
-148,1733,14139.768187
-208,3407,14145.836822
-196,1708,14149.395123
-195,2390,14154.709017
-242,1978,14158.994328
-253,2603,14164.762654
52,2099,14169.359677
231,1274,14172.099735
242,2147,14219.398976
-234,1774,14222.858361
26,2018,14226.922707
-347,1450,14229.802444
-250,1436,14232.810767
-104,2935,14238.962809
-123,2275,14244.024699
-66,3297,14251.316858
-204,1833,14255.375212
-134,2465,14260.890079
-165,2562,14266.536246
-29,3308,14273.746257
-232,2203,14278.572997
-114,2615,14284.345777
-294,1659,14287.984213
-165,2102,14336.201344
209,1996,14339.88792
-117,1442,14342.826419
12,2187,14347.258756
-200,2656,14352.967263
113,2435,14357.872527
-286,1713,14360.954923
122,1897,14364.393044
-298,1230,14366.625942
-95,2851,14371.801602
-206,1208,14373.958465
-284,1211,14376.128749
2,2615,14380.806227
-203,1777,14383.98391
229,1402,14386.512961
-281,2504,14391.749547
196,1554,14395.072581
-351,1440,14398.180191
-204,2298,14403.084644
-14,2207,14450.414752
-162,1775,14454.004653
-222,2432,14459.179798
-284,2448,14464.631037
-21,3807,14473.184857
-331,2070,14477.479932
-49,2762,14482.39172
-193,1912,14485.836508
-109,2278,14489.919571
-288,1866,14493.239623
-205,2832,14498.279418
-220,2739,14503.148538
-37,3281,14509.448139
-160,2673,14515.283224
-92,2135,14563.729862
92,2608,14568.311633
-182,1678,14571.655384
-29,3690,14579.237287
-158,2143,14583.713746
8,2871,14589.591093
-114,2648,14595.356107
-244,2632,14600.288473
-80,2411,14604.645163
-85,2654,14609.398743
0,3032,14614.816097
-167,1554,14617.58959
-56,2733,14622.479992
-202,2470,14626.943536
-19,2648,14632.616066
-287,1158,14676.90298
-295,1638,14679.545117
-236,2311,14683.649328
-98,1841,14687.031123
10,3121,14693.556221
-342,1367,14696.445113
-303,1790,14700.217458
11,2139,14704.758193
-161,2380,14709.580069
-190,2704,14715.156061
105,2606,14720.024096
-237,2327,14724.16298
-20,2098,14727.914427
-347,2008,14731.493173
-56,2669,14736.309546
-280,2038,14740.009325
-339,1572,14742.833849
-265,1452,14789.805656
-109,2420,14794.551542
-301,1770,14798.263848
-150,1370,14801.298859
-48,3137,14807.893288
-226,1985,14812.275343
-199,2247,14817.329997
-273,1624,14820.943
-114,2534,14826.420403
-182,2304,14831.622148
-137,2645,14837.269541
-158,2334,14841.454684
-290.0,4313,14849.138716
-306,1464,14851.752901
-161,2460,14856.140331
-3,3171,14904.33711
-198,2318,14908.247226
-166,3085,14913.76834
-121,1954,14917.27954
-149,2770,14922.293837
-220,2801,14927.562893
-44,2866,14933.465617
-182,2682,14938.810858
-28,2741,14944.286626
-337,2123,14948.765703
-38,2340,14953.614091
-266,1332,14956.417053
-6,3296,14962.343103
-112,2562,14966.929315
-32,3138,15016.548634
-304,2723,15021.262552
-147,3134,15026.905828
-118,1132,15028.939787
-23,3677,15035.646317
-26,2882,15040.757118
-347,1964,15044.266037
-249,1814,15047.689693
-33,2657,15053.16098
-239,1546,15056.468973
-259,2616,15061.995496
-155,2429,15066.959463
-111,1723,15070.405013
-274,1406,15073.358076
194,1571,15076.571592
-282,1714,15079.655048
152,3110,15128.30432
10,3561,15135.574009
-12,3606,15142.061841
-166,2381,15146.408648
-352,1121,15148.451008
-204,3090,15153.899118
-66,1668,15156.957621
-137,1858,15160.345056
-203,2118,15164.079455
-81,3034,15169.912336
-41,3119,15176.857343
-103,2198,15181.723536
-84,2468,15187.192062
-183,2183,15192.105404
-200,2575,15240.808911
-248,1879,15244.663563
-211,1517,15248.000806
-219,2457,15253.42694
-103,2204,15258.032411
-165,2410,15262.3507
0,2067,15266.155935
-138,2749,15270.996834
-1,2555,15275.607099
-350,1340,15277.977063
-212,1949,15281.411234
-70,2399,15285.714501
-66,2535,15290.255798
-21,1557,15293.019381
-205,2522,15297.603286
-273,2700,15302.453759
-74,1307,15304.773154
-11,2475,15352.290819
-37,2653,15358.054191
-22,3158,15364.89216
48,1498,15368.121311
7,2453,15373.432747
-206,1831,15377.378658
-227,2346,15381.630473
-128,2515,15386.194367
-44,3274,15392.006662
-115,2343,15396.16613
-162,2417,15400.52423
-276,2246,15404.493091
101,2208,15408.62823
87.0,4787,15418.698178
-4,2680,15466.631623
-147,2152,15470.847635
-5,2084,15475.190251
-34,2490,15480.270097
16,3777,15488.363999
-282,2100,15492.873374
-14,2750,15498.44409
-49,2684,15503.313894
-127,2523,15507.766609
-173,1996,15511.416285
-7,1818,15514.711254
-13,2699,15519.475938
-72,2738,15524.465695
-189,3109,15530.706757
-10,2806,15578.158816
-259,2047,15581.54625
-263,1460,15584.04288
-170,2292,15588.249635
-300,1676,15591.910851
-219,2194,15596.814842
38,3450,15603.60957
-261,1576,15606.906243
-342,2160,15611.069476
-152,1573,15614.03473
-136,2174,15618.118534
-125,3100,15623.756021
-200,2531,15628.341274
-254,2249,15632.427923
-73,2971,15637.878046
-54,2464,15686.485512
-207,2360,15690.136579
-113,1902,15693.330965
-3,2632,15697.885369
262,1529,15700.576529
78,1879,15703.900166
-118,2289,15708.106919
83,3111,15714.302748
-50,2849,15720.018553
-87,2741,15725.289108
-292,2173,15729.840537
-140,2262,15734.283245
153,2007,15738.068308
-206,2014,15741.683471
-135,1716,15744.75568
-255,2625,15749.43891
-347,1696,15795.212455
-348,2054,15798.394112
-205,2518,15802.56092
68,1459,15805.057088
-92,1144,15807.047241
-253,2900,15812.166533
-294,2168,15816.014087
-170,2621,15820.675415
-3,3060,15826.126238
42,2075,15830.045102
-136,2761,15835.713799
-35,2610,15840.723503
38,1986,15844.813289
-228.0,6907,15858.611569
78,2364,15906.509031
-105,2587,15911.651348
73,2112,15915.743825
-242,2545,15920.965523
-187,2314,15925.463971
-266,2577,15930.103309
-157,2256,15934.149854
40,2320,15938.290536
-127,2785,15943.276285
-70,3228,15949.144975
-126,2590,15954.11854
-153,3310,15960.63713
-117,2281,15964.957278
-215,2540,15970.150033
-162,998,15972.148585
103,2798,16020.579995
-76,2453,16024.756368
-253,2199,16028.563107
-344,2326,16032.633791
-72,2639,16037.274451
-186,1851,16040.55701
-2,2875,16045.6705
-256,2819,16050.674314
-248,2518,16055.13687
193,1929,16058.551404
-32,2887,16063.659784
-293,2036,16067.287947
-143,2707,16072.428056
-260,1852,16076.049242
-155,3112,16126.397768
-10,1588,16129.003291
-45,3221,16134.533016
-231,2253,16138.532487
-175,1575,16141.33884
-154,2613,16146.017647
105,2671,16150.80213
-114,2469,16155.279831
-257,1828,16158.566291
-308,2413,16162.905659
-156,2818,16167.981222
7,2379,16172.263963
-29,2236,16176.288725
66,2491,16180.805712
-14,1991,16184.395415
-177,2310,16188.786274
-298,1615,16235.747153
-68,2205,16239.699003
-20,2903,16244.99615
-10,3164,16251.032358
-11,2580,16256.319189
-216.0,6217,16268.894597
-120,2083,16273.058171
-209,1750,16276.355859
-206,2138,16280.178357
-243,2676,16284.98986
-280,2301,16289.121162
-140,2271,16293.159996
-195,1270,16295.427188
-205,1716,16298.483709
-54,1806,16345.386705
-144,1754,16348.184126
-138,3173,16353.702723
-209,1874,16357.117087
-26,2985,16362.503551
5,3030,16367.911631
-97,2407,16372.141661
-13,3559,16378.500757
-7,3043,16383.961118
-227,1438,16386.545532
-240,1576,16389.365707
-267,2025,16392.989348
-81,2452,16397.374976
-267,1110,16399.337651
-262,2218,16403.274225
-343,1836,16406.530697
74,2232,16453.735816
-257,1589,16456.524484
-87,2175,16460.347572
-174,2723,16465.215475
-23,1906,16468.596135
-176,2740,16473.474715
-175,2484,16477.878228
-191,2374,16482.105402
-194,2519,16486.618199
-295,1484,16489.260403
-42,3527,16495.49587
-112,2877,16500.563503
77,2119,16504.346243
-245,2140,16508.161968
-112,2403,16512.413502
-45,3275,16562.542095
-108,2061,16566.828625
-165,2589,16572.151262
-175,2666,16577.440296
-156,2080,16581.252316
-250.0,6657,16593.625361
-212,2887,16599.109729
-290,1594,16601.994051
-219,2634,16606.993646
-96,2565,16611.969143
-214,2198,16616.485573
-6,2561,16621.305757
20,3234,16628.129475
-39,1409,16674.969771
-105,2247,16679.230244
4,3180,16685.323766
350,1194,16687.619979
-158,2467,16692.675302
-83,2028,16696.614974
-76,2783,16701.699667
-184,2030,16705.382205
-120,1674,16708.441478
-11,2874,16713.660353
-96,1857,16717.037735
-235,2457,16721.491584
23,2579,16726.178778
-237,2491,16730.711446
283,1423,16733.274855
-209,2404,16737.595316
