#{"t_start": 1680577201.635132, "env_id": null}
r,l,t
0.517049,1217,4.197745
0.718659,1034,5.697015
0.618338,748,6.920976
0.480607,1411,9.425264
0.487443,1624,12.316793
0.16923,2073,15.984169
0.34258,1988,29.735386
0.307404,2128,34.113894
0.524784,1366,37.005667
0.284527,1923,41.069882
0.043028,1063,53.345574
0.456394,1530,55.709616
-0.079274,2504,60.153251
0.569831,1494,62.781357
0.295153,1845,66.016562
0.311404,1939,79.237397
0.543399,1068,80.982861
-0.162677,1011,82.850329
0.260527,1576,85.499347
0.163883,2707,90.098924
-0.335,608,101.49608
0.340495,1861,104.601814
0.174495,1408,107.310611
0.046994,1533,110.352843
0.069305,2787,115.455173
-0.011942,1166,127.408902
0.499113,1378,129.512156
0.468216,1944,133.221178
0.300206,2136,136.880262
-0.344,1445,139.528157
0.089139,1491,152.573515
0.006139,2694,157.800156
-0.099708,945,159.721347
0.586689,1848,163.487041
-0.026295,1594,166.756116
0.506054,1081,178.466649
0.301206,3167,183.724507
-0.042041,1392,186.136086
0.620239,1191,188.003523
-0.018771,1034,189.842154
0.595406,1266,202.535173
0.293206,1813,205.857839
0.347119,1682,208.87808
0.233384,2106,213.138132
0.188014,1279,215.807527
0.200059,1448,228.892726
-0.018345,659,230.07427
0.239692,1111,232.197562
0.281799,2605,236.718053
0.104668,1507,239.450644
0.27322,1849,253.36409
0.090668,1241,255.256439
0.478542,1952,258.672869
-0.169979,1664,261.62492
0.299153,1220,264.074272
0.124792,1887,278.159782
0.250589,1136,280.31614
0.538724,1667,283.608424
0.089668,1711,286.762413
0.32445,1695,290.064136
0.624183,1294,292.631576
0.293863,1936,306.038916
0.338773,1972,309.321796
0.36397,2187,313.234781
0.503678,2247,317.215487
-0.000357,2161,331.330989
0.452734,1238,333.788888
-0.106133,1626,337.132599
-0.216034,985,338.865824
0.161515,3399,355.226085
-0.116,2254,358.878617
0.501585,1605,361.789395
0.328621,3888,378.812001
-0.074591,913,380.164083
0.298206,1783,383.305446
0.446521,2219,387.991029
-0.134121,3595,405.279121
-0.117,1443,408.022504
-0.168791,942,409.988892
-0.224029,1772,413.428313
0.294153,1672,416.457088
0.26522,2361,430.924273
0.20223,1430,433.152574
0.287734,1133,435.142847
0.270598,1926,438.43171
0.089668,1101,440.363197
0.514545,1678,443.515344
0.623748,966,455.497985
0.485577,2104,459.426568
-0.078591,1487,462.335821
0.344908,2090,466.208006
-0.132189,1399,468.915935
-0.003598,1087,480.788554
0.485356,1788,483.709647
0.222488,1858,486.957328
0.549706,1495,489.471737
0.000643,1848,492.822415
0.106028,1624,505.528778
0.578957,1493,508.407739
0.514865,1868,512.069174
0.149564,3076,518.237521
-0.173979,1524,531.511799
0.016881,1215,533.421235
-0.129121,1454,536.000591
0.268667,1291,538.397302
0.328661,1721,541.359965
-0.034282,1324,543.621083
0.697327,862,555.025303
0.467793,1973,558.097428
0.182866,2541,562.734306
0.34258,1726,565.776165
0.606865,1263,568.015717
0.259378,2220,581.871493
0.4237,1754,585.491933
-0.307,1002,587.361678
0.286863,1453,590.413698
-0.119121,888,592.263954
0.462474,2452,606.312788
-0.042282,1510,608.795432
0.190014,2038,612.515585
0.378009,3704,629.1838
0.451541,2132,633.512194
0.525965,1845,637.666425
0.138564,1516,640.932325
0.406721,2216,655.691414
-0.063913,1548,658.055518
-0.095603,1211,660.056268
0.038887,1566,662.82468
0.115948,998,664.607762
0.587913,1038,666.470588
-0.295704,1136,668.545947
-0.179791,978,680.210357
0.554894,1462,682.649643
0.353002,2305,687.172473
0.094368,1475,690.03423
-0.115307,1185,692.387845
0.198297,1996,706.399954
-0.328,1190,708.545261
0.523058,1844,712.304445
0.366737,2019,715.915618
0.194866,1366,718.318925
0.162883,2454,732.494276
0.11165,1628,735.144053
0.490156,1663,738.171277
0.536354,2252,742.291923
0.534632,1258,744.942447
0.188866,1361,757.586746
-0.131189,883,759.444167
0.234688,2769,765.222721
0.005855,1719,768.971338
-0.352,868,770.872081
0.143807,2426,784.931937
-0.201126,1042,786.663939
0.271734,3956,793.732086
-0.047422,1110,795.714514
0.166515,1701,808.730186
-0.042345,2098,812.635902
0.218692,2204,816.881681
0.473438,1679,820.287576
0.251277,1421,832.597006
0.296206,2662,836.921959
-0.282452,1080,838.926415
0.608946,1372,841.399305
-0.096603,1625,844.313953
0.011229,873,845.899704
0.042437,2567,859.961862
0.052881,1062,861.871103
0.17023,1789,865.537169
0.473116,1645,868.75522
-0.002598,1236,881.533493
0.656529,1285,883.755705
0.656593,1135,886.040097
0.115926,1325,888.757288
0.073139,1861,891.982671
0.271688,1427,894.546751
0.265527,2483,908.601468
0.587294,1203,910.521064
0.074139,2208,914.356361
0.054028,1338,916.747551
0.267589,1288,919.007836
0.339808,3410,935.546451
0.189866,1923,939.541233
-0.05885,1996,943.498307
0.557613,1735,957.088509
0.159515,2073,960.151983
0.006139,1289,962.402541
0.280863,1924,965.854637
0.287734,1548,968.598337
0.166322,1091,970.601129
0.250965,1793,983.901333
-0.026531,834,985.547697
0.03432,771,987.149429
0.320249,2301,991.662403
0.091305,1077,994.018633
0.097368,2272,1009.052309
0.545904,1762,1012.40333
0.626447,1450,1014.982267
-0.032337,1593,1017.827964
-0.300704,750,1019.184178
0.049994,1279,1021.458406
0.301308,1356,1033.917027
0.249138,2427,1037.848335
0.137668,869,1039.38535
0.506963,1485,1042.13165
0.202692,2760,1047.422625
0.155238,1555,1060.4589
0.2663,1841,1063.770452
0.115344,1335,1066.083339
0.443217,1980,1069.424038
0.101344,1917,1082.64571
-0.346,549,1083.47471
0.133564,1898,1086.523313
0.370094,1566,1089.352961
0.343808,2894,1094.413141
-0.275311,1456,1107.304505
0.192157,1318,1109.842693
0.415823,2392,1114.612055
0.332661,1964,1118.565267
0.626411,1435,1121.476385
0.198014,1919,1134.639159
0.153124,3363,1140.437105
0.2553,2295,1144.468176
-0.196892,1112,1156.343038
-0.037282,1829,1159.099632
0.297042,1486,1161.778086
0.332773,2313,1166.282692
-0.026674,849,1167.997369
0.050887,1080,1170.121202
0.401191,3250,1186.058415
0.086668,2165,1190.292452
-0.166791,873,1191.943745
0.484011,1702,1194.956042
0.533264,1662,1207.570214
0.050484,2626,1211.830542
-0.079591,1045,1213.700701
0.328621,2033,1217.296271
0.204297,1578,1220.197963
0.355204,2030,1233.879502
0.04132,1496,1236.952504
0.39197,1530,1240.242026
0.542046,1329,1242.991131
0.614623,987,1244.749607
0.535446,2610,1259.20615
0.473012,1408,1261.564657
0.268688,2317,1265.578211
0.04232,1664,1268.541401
0.272453,1540,1281.077117
0.31245,2152,1284.517913
0.175059,845,1285.983095
0.460399,2148,1289.782252
0.241692,1095,1291.818747
0.172936,1206,1294.058157
0.334876,2110,1308.016009
0.066994,1421,1310.996342
0.343876,2458,1315.602011
0.504294,1799,1318.634603
0.054994,1436,1331.223175
-0.263029,1425,1333.425537
0.299863,1860,1336.742243
-0.065307,1375,1339.044389
0.33158,1456,1341.527798
0.230564,1700,1354.812804
0.058959,1696,1358.063308
0.096023,1195,1360.609915
0.630082,1492,1363.755704
0.06687,1130,1366.207886
0.152921,1765,1369.92651
-0.076274,1093,1382.145246
0.265924,2344,1385.92067
0.134043,1755,1389.065155
0.178714,1911,1392.399507
0.430605,3005,1407.695479
0.160863,1287,1410.1343
0.48531,2016,1414.125035
-0.162979,777,1415.684446
0.318495,2039,1419.826862
-0.022623,2781,1434.375624
0.081959,2108,1437.976454
0.162883,1550,1440.79004
0.642485,1473,1443.406625
0.127519,1842,1456.60033
-0.074307,2093,1459.903941
-0.002502,766,1461.406044
0.105028,2526,1465.960363
0.448146,1720,1469.288478
0.37171,2944,1485.09294
0.07349,1269,1487.469816
-0.096708,925,1489.138378
0.339821,2712,1493.994532
0.419114,2596,1508.234438
0.383629,3569,1514.539212
0.352843,2431,1518.708483
0.283984,1880,1531.719801
0.180557,1667,1534.493291
0.27322,1592,1537.494778
0.262589,1302,1540.000464
-0.122312,858,1541.554193
0.37704,2460,1555.694603
0.065926,1061,1557.380853
0.240453,1686,1560.42136
0.368968,2882,1565.59237
0.388363,2080,1579.375758
0.222297,1584,1581.902641
0.35194,2156,1586.338705
0.046971,1516,1589.559577
-0.159677,1451,1592.667793
0.192014,1611,1605.699015
0.018518,1462,1608.486207
0.157495,1024,1610.629872
0.183714,2428,1615.104727
-0.019623,1238,1617.232158
0.454386,1942,1631.077039
0.51215,1843,1634.331611
0.078538,2465,1638.807387
0.280924,1903,1642.356457
0.280799,1958,1656.199961
-0.101708,2510,1661.044022
0.186714,1657,1664.481668
-0.327,953,1666.387907
0.256453,2569,1681.618977
0.079139,836,1682.910543
0.033737,2056,1686.377845
-0.030406,1582,1689.239351
0.07387,1289,1691.555386
0.587231,1399,1694.050566
0.001229,1131,1706.178
0.434494,1929,1710.053185
-0.034531,1208,1712.714838
0.12865,1486,1715.928693
0.078322,1380,1718.846731
-0.142121,729,1720.433371
-0.151677,1170,1733.046053
-0.06806,1060,1734.614807
0.385413,2844,1739.537926
-0.100133,1552,1742.342462
0.326495,1607,1745.146732
0.302153,2239,1758.789045
0.522401,1757,1761.803304
0.166711,2856,1767.304286
0.428716,2172,1771.677312
-0.019623,1521,1784.479616
0.260527,1966,1788.217453
-0.119121,1074,1790.315712
0.418528,2234,1794.520691
0.517865,1263,1796.808059
0.423456,1497,1809.422982
-0.06006,1405,1811.81329
0.160043,866,1813.366522
0.585228,924,1815.029728
0.277799,2779,1820.015805
0.337404,2235,1834.103305
0.46081,1937,1838.122495
0.377994,2708,1843.626238
-0.116719,1698,1847.148929
0.045971,1155,1859.23671
0.104344,1827,1862.143899
-0.022295,680,1863.353439
0.545887,1638,1866.3297
0.185701,1653,1869.275571
0.11265,1485,1872.003617
0.484004,2242,1886.079721
0.625981,1087,1888.322062
0.279453,1843,1892.071028
0.443652,1677,1895.357448
0.344567,3572,1911.828596
-0.256113,1043,1913.722027
-0.071118,1227,1915.95661
0.354908,2706,1920.812183
0.240661,1316,1933.252254
0.411623,2295,1936.724112
-0.128337,1163,1938.761327
0.282734,1626,1941.709326
0.141057,2562,1947.12301
0.190014,1767,1960.872575
0.007855,1911,1964.506522
0.523547,1537,1967.58492
-0.083675,1705,1971.174932
-0.204133,1771,1974.646778
-0.351,1054,1986.497205
-0.031337,2010,1989.983832
0.719901,892,1991.616587
0.234783,2343,1995.864636
0.008594,1236,1998.122689
0.130807,1746,2011.670501
0.032887,2675,2017.085942
-0.085274,1028,2019.367159
0.53739,1572,2022.83379
0.101344,1813,2026.051991
0.609131,1609,2039.102567
-0.315,1027,2040.921465
0.228589,1624,2043.744258
-0.067913,961,2045.419406
0.344908,1684,2048.49276
0.201322,2302,2062.915653
0.003402,1394,2065.74916
0.086302,886,2067.628501
-0.084118,1766,2071.222687
0.31345,1469,2074.389017
0.671012,985,2076.589793
0.121138,1758,2090.152525
0.42729,1955,2093.724972
-0.305704,951,2095.45047
0.187014,1318,2097.778453
0.150272,1525,2100.503914
0.446624,1806,2113.71487
0.446157,1993,2116.77129
0.004139,1072,2118.667526
0.49025,1886,2122.153946
0.598946,1542,2125.144452
0.063971,1398,2138.020052
0.330661,1778,2140.932757
0.558311,1768,2144.421883
0.069971,2188,2148.617844
-0.148979,1788,2151.95126
0.589794,981,2163.773309
-0.016337,1376,2165.83596
-0.045298,1108,2167.725242
0.362,2007,2171.246443
-0.173791,1680,2174.165155
0.028881,1445,2176.698017
-0.082913,3017,2192.476497
0.345876,1844,2196.53253
0.376806,3192,2203.095655
0.293924,1855,2216.368481
0.327699,3420,2222.261474
-0.075307,2010,2225.809767
0.233589,1539,2238.681336
0.426096,1922,2241.848257
0.129238,1234,2244.127803
0.414922,2213,2248.036653
-0.023406,1240,2250.408203
0.385072,2019,2264.503533
0.526612,1596,2267.373233
-0.014623,2459,2271.999529
0.311042,2257,2276.050834
0.561781,1847,2289.217858
0.262527,2794,2293.786923
0.06087,1519,2296.479167
0.504211,1565,2299.294601
-0.16335,1103,2301.262299
-0.011771,956,2313.200801
-0.156979,1365,2315.79994
0.213059,1674,2319.165963
0.342843,2181,2323.744536
0.395166,2554,2339.300573
0.323621,1817,2342.085472
0.265308,2035,2345.730402
0.162701,1656,2348.623318
0.449228,2680,2363.403447
0.35458,1538,2366.069551
0.385283,2985,2372.093914
-0.11133,1356,2374.94153
0.344876,1280,2377.623858
0.123368,1562,2391.239372
-0.093861,856,2392.580549
-0.026345,1206,2394.589562
0.126519,2712,2399.423821
0.311404,1872,2402.714003
0.674096,1223,2415.077911
0.249432,1166,2416.885843
0.334699,2050,2420.401709
0.048971,2029,2424.055109
-0.123489,1358,2426.732783
0.110344,1864,2440.750642
0.602264,994,2442.468789
0.31145,1680,2445.431804
-0.079675,1074,2447.502147
0.321621,1774,2450.841537
0.018518,2750,2466.283256
0.518064,1364,2468.394793
0.300308,1773,2471.59765
0.549016,1771,2474.749989
0.386879,2832,2490.343248
0.230589,2449,2494.661968
-0.346,798,2496.259646
0.349908,2988,2502.155276
-0.204288,874,2503.919753
0.149711,1235,2516.824644
-0.343,588,2517.710077
-0.005771,918,2519.245964
0.165043,2482,2523.789843
0.073959,971,2525.358779
0.35345,1833,2528.81362
0.144519,1530,2541.740274
0.454994,2708,2546.725961
-0.05985,2143,2550.940264
-0.339,776,2552.449121
-0.231113,1405,2555.207192
0.139043,1285,2567.930768
0.51738,1466,2570.779982
-0.210923,1239,2572.927544
0.554547,1537,2575.539801
0.495146,1720,2578.386769
0.324495,1405,2580.783971
0.299984,2199,2594.455703
0.311042,1998,2597.732284
0.190866,3325,2603.475126
-0.017771,1642,2616.58541
0.25522,980,2618.160689
0.326538,2050,2621.792263
0.115519,1448,2624.659331
0.027136,2506,2629.057435
0.256589,2110,2642.698715
0.288863,1768,2645.827699
0.592461,1505,2648.521291
0.096703,1954,2651.966565
0.312206,1422,2664.625984
0.309308,2112,2668.500269
-0.085675,1633,2671.749722
0.264453,1728,2675.335461
-0.289322,1495,2678.445879
-0.119,1492,2691.509205
0.173322,1290,2693.488836
0.333773,2938,2698.521325
-0.16635,1093,2700.477738
0.442957,2046,2704.091802
0.194014,1869,2717.285679
0.558491,1442,2719.698094
0.593133,1204,2721.865341
0.335404,1826,2725.737214
0.406751,2915,2741.880271
-0.351,1027,2743.653612
0.172701,1639,2747.037151
0.016881,1686,2750.604649
0.199297,1417,2753.349496
0.44047,2014,2767.527768
0.301378,1227,2769.379543
0.538204,1097,2771.334439
-0.034337,2993,2776.785366
0.461815,1804,2779.983258
0.480743,2246,2794.56974
0.327699,2018,2798.469186
0.266688,3313,2805.094635
0.028136,1629,2819.115683
-0.117,1204,2821.025994
0.554894,1337,2823.412227
0.518712,1264,2825.716955
0.43997,2599,2830.377576
-0.141159,1521,2833.096709
0.245688,1232,2845.839997
0.11665,1766,2848.985284
0.269667,2386,2853.329457
0.496591,2000,2856.865831
0.030225,1274,2869.77051
0.333661,2577,2873.825197
0.097703,1877,2877.263138
0.159515,1357,2879.722015
0.023136,2201,2894.295985
0.234876,1356,2896.386444
0.350876,2596,2900.997768
-0.226113,1288,2903.428473
0.156921,1307,2905.972358
0.359876,1673,2919.646978
0.556401,1670,2922.63608
0.418368,1522,2925.8081
0.046887,955,2927.783651
0.198432,2829,2933.34941
-0.10733,1057,2945.771723
0.00855,843,2947.06393
0.239783,1467,2949.53713
0.212053,972,2951.27236
0.103344,1780,2954.428923
0.005139,1212,2956.53546
0.638759,971,2958.256633
0.55437,1178,2970.50473
0.175059,2365,2974.496685
0.614099,1445,2976.944443
0.458237,1932,2980.286818
0.31445,1873,2984.08166
0.015881,1782,2997.032735
-0.04685,1223,2999.028894
0.444093,3182,3004.723579
0.088023,832,3006.204974
0.026402,1599,3019.097346
0.127314,2018,3022.100507
0.162711,1223,3024.505361
0.088023,2978,3030.639644
0.123519,1697,3034.164786
0.043518,1805,3047.617391
0.358094,2459,3052.560912
0.420136,1910,3056.05119
-0.041345,1963,3059.419827
0.53904,1601,3073.118302
0.430422,2066,3076.685719
0.011229,589,3077.746171
0.399891,2034,3081.523004
0.037887,2010,3085.300681
0.485244,1608,3098.770297
0.145272,1757,3102.212645
0.00755,925,3103.996978
0.420624,2361,3108.827554
0.146495,1154,3111.246821
0.598089,1508,3123.897512
-0.080675,1943,3127.086717
0.102883,1732,3130.148192
0.318538,2591,3134.779728
0.582485,843,3136.297686
0.053344,2244,3150.577753
0.00755,924,3152.349729
-0.157677,763,3153.806087
0.423408,2120,3158.167295
0.25222,2693,3173.302648
0.431179,1710,3176.097391
0.201714,1650,3179.040316
0.372333,3489,3185.168276
0.071139,1579,3198.205351
0.443574,1579,3200.783503
0.419858,2229,3205.227598
0.204014,1149,3207.493357
0.542083,2405,3212.331338
-0.023502,1354,3225.084554
0.181557,1119,3227.239697
0.487607,2694,3232.797788
0.450674,1816,3236.006609
0.342808,2554,3250.397506
0.289598,1539,3252.894104
0.047994,2632,3257.519733
0.118238,1883,3260.860341
0.219167,2021,3274.654415
0.322538,1819,3278.298883
-0.115312,837,3280.093309
0.015855,2771,3286.160651
0.180557,1536,3289.494348
0.246138,1107,3301.393602
-0.069913,2329,3305.434199
0.511254,1267,3307.743342
0.220384,1862,3311.031099
0.429357,2107,3324.964787
0.047994,1854,3328.286734
-0.325,983,3330.278497
0.1633,1037,3332.369675
-0.14144,1323,3334.980964
0.536481,1292,3337.623722
0.428707,2811,3352.592231
-0.15335,1155,3354.517582
0.192059,1685,3357.538119
0.418784,2690,3362.327307
0.027643,1076,3364.239087
0.328699,1523,3376.691196
0.230488,1170,3378.59568
0.412613,6653,3401.701221
0.075538,2247,3406.280903
0.303357,1470,3409.364725
0.124238,1341,3412.090083
0.202297,1086,3414.044569
0.443484,2250,3428.357185
0.241866,1398,3430.635945
-0.015771,974,3432.441625
-0.002762,2961,3437.897976
0.014881,1924,3451.468931
-0.128489,1158,3453.557917
0.185921,1519,3456.684968
0.088668,2552,3461.873984
-0.291704,1366,3464.744207
-0.346,715,3466.138297
0.077971,2575,3480.903273
0.615734,1238,3483.133842
0.265876,2056,3486.784507
-0.145111,1006,3488.549701
0.228453,1138,3490.620362
0.395243,2513,3505.536063
0.124314,906,3507.386506
0.503555,1940,3511.591748
0.397136,1910,3515.540182
0.322116,2905,3531.240425
0.059421,1553,3534.0352
0.07687,1777,3537.234268
-0.139677,1360,3539.706557
-0.351,634,3540.856447
0.400419,2870,3555.382201
-0.054531,1242,3557.406936
0.181714,1762,3560.596427
0.520888,2184,3564.809576
0.287863,1589,3567.976794
0.411679,1795,3581.310363
0.461182,2137,3585.133143
0.348808,2567,3589.888143
-0.102708,1732,3593.040859
0.06449,931,3605.446166
-0.006357,1516,3608.084385
0.466181,1335,3610.531368
0.437679,2524,3615.141456
0.16923,1820,3618.519041
0.31745,1600,3631.98568
0.120238,2833,3637.529701
0.58188,1526,3640.425426
0.627168,905,3642.304157
0.332773,2659,3657.574463
0.241053,2132,3661.177543
0.194308,2289,3665.183023
0.343876,1963,3668.675365
0.394036,1781,3681.667229
0.197564,1674,3684.781171
0.340843,1974,3688.745667
0.178322,1037,3690.793039
0.120519,1485,3693.861755
0.296258,2964,3709.354905
0.219053,3083,3715.20176
0.129314,1503,3717.920407
0.247384,1194,3720.062287
0.282984,2015,3733.310145
-0.271416,1397,3735.75352
0.007855,1055,3737.642923
0.249053,1523,3740.365684
0.216167,1441,3743.189146
0.488965,1878,3757.341944
-0.120307,1297,3760.038365
-0.305704,1048,3762.26034
0.32345,2565,3767.828368
0.017377,2044,3772.200619
0.592762,1066,3784.176366
0.139043,1659,3786.692372
0.080484,1244,3788.869951
0.057421,2383,3792.986466
0.144711,1490,3795.552131
0.260378,2677,3810.680256
0.449758,1676,3814.016233
0.244053,3768,3821.702024
0.453546,1976,3835.926695
0.082926,1318,3838.175236
0.397191,3250,3843.929012
0.2543,2545,3848.477242
0.395341,1581,3861.434993
0.096703,1522,3864.427095
0.229488,3029,3870.174987
-0.258311,1419,3872.814797
0.050994,1356,3885.557415
0.275404,2598,3890.912425
0.26522,1341,3893.420756
0.329661,3431,3899.484797
-0.142121,857,3911.621974
0.216053,1306,3913.651248
0.413124,1468,3916.222517
0.379908,1835,3919.566852
0.538565,1562,3922.346249
0.31245,2099,3937.120746
-0.023337,1496,3939.618645
-0.160979,1285,3942.013447
0.252053,1322,3944.458127
0.463252,1467,3947.219932
0.559847,1303,3949.556774
0.370843,2447,3964.171834
-0.077119,840,3965.687034
0.547061,1322,3968.151467
0.287984,2781,3973.207351
0.426329,1564,3986.831929
0.351908,2204,3991.042756
0.296734,2255,3995.832325
0.515986,2461,4000.899323
-0.015623,1433,4013.432708
0.57494,1199,4015.296159
0.109948,2506,4019.679604
0.711427,756,4020.907788
0.215053,2193,4024.61404
0.079887,1133,4026.527553
-0.073274,642,4037.709735
0.206564,1619,4040.26093
0.123057,1891,4043.806616
0.477957,1493,4046.59718
0.455727,2062,4050.583661
0.38646,2434,4065.214826
0.120519,1613,4068.128651
0.265667,2346,4072.446939
0.347908,1684,4075.635914
0.195297,1730,4089.03788
0.063519,2341,4093.206476
-0.35,968,4095.06289
0.006229,1436,4097.561573
0.270527,2008,4101.133155
0.127564,2054,4115.499609
0.280984,2398,4120.495973
0.533023,1461,4123.658516
0.2583,2976,4140.611064
0.261378,1907,4143.764421
-0.192892,1773,4146.647187
0.077538,1418,4149.010275
0.338808,1423,4151.513877
-0.167979,1305,4164.436902
-0.054274,1467,4166.992661
0.288098,1694,4170.031768
-0.083913,2607,4174.725516
0.38497,1436,4177.222701
0.457507,1571,4190.381765
0.171322,1295,4192.603075
0.266598,2644,4197.380269
-0.092675,1669,4200.35753
0.484512,1736,4203.487614
0.518927,1454,4216.107152
-0.346,1013,4217.864686
0.153322,2624,4222.66226
0.318404,2260,4227.191908
-0.088274,1255,4239.325507
0.391407,3630,4246.384824
0.160701,1375,4249.088653
0.49839,2015,4253.036724
0.531306,1539,4265.830832
0.714007,779,4267.012068
-0.120719,1381,4269.449985
0.49081,1937,4272.968551
0.494156,1557,4275.775202
0.107948,1057,4277.676138
0.31858,3105,4293.47657
-0.030406,1732,4296.632987
-0.305704,609,4297.66792
0.311917,2500,4301.97754
0.332661,1373,4315.395096
0.611971,1712,4318.025201
0.336808,1983,4321.451942
0.117028,2548,4325.99611
0.096368,2239,4340.759369
0.195432,1477,4343.226582
-0.34,976,4345.27853
0.006862,1011,4347.490334
0.484069,2241,4351.994669
0.191014,1180,4354.381337
0.039518,872,4366.604358
0.2573,2726,4371.964284
0.289984,1448,4374.586446
0.287924,1966,4378.139769
0.146921,1371,4380.569952
0.369162,2775,4395.149874
-0.017502,1565,4397.915225
0.278734,1732,4401.043009
0.574871,1387,4403.693187
0.01155,773,4405.269862
0.42984,2833,4420.750005
0.068305,1456,4423.543226
0.554372,1661,4426.955329
0.323621,2985,4443.015009
0.03532,1419,4445.112666
0.31958,3348,4451.050633
0.298258,2514,4455.478846
0.644101,1268,4467.555605
0.119238,1629,4470.53871
-0.223029,1203,4473.057653
0.044437,2052,4477.377669
0.336773,1246,4479.960291
0.217167,2648,4494.645586
0.127564,1766,4497.580592
0.291098,1750,4500.605548
0.432393,2348,4504.744511
0.518515,1529,4517.710911
0.008855,1586,4520.169405
0.318308,1854,4523.737699
0.276863,3864,4531.821831
0.345498,2297,4546.224688
-0.10033,1146,4548.589459
-0.16444,1677,4552.133506
0.517697,1117,4554.183811
0.333773,2895,4569.470328
-0.018623,1807,4572.221904
0.089538,1092,4574.148315
0.562379,1286,4576.427659
0.11865,2730,4581.275724
0.266378,2207,4595.9391
0.513273,1573,4599.179106
0.459213,2368,4604.073374
0.145495,1917,4608.213484
-0.101708,1200,4619.492355
0.230357,2254,4623.094901
0.206157,1056,4624.983539
0.368148,3544,4631.313379
0.29158,1976,4644.790927
0.193297,2129,4648.61295
0.577004,1761,4651.991928
0.084926,1745,4655.07078
0.433509,2313,4669.417703
0.338808,2347,4673.260444
0.523865,1868,4676.521547
-0.34,1171,4678.572252
0.211564,1482,4681.186594
0.345666,1622,4694.384964
0.188014,1528,4696.894012
0.384355,3074,4702.351996
0.284042,1488,4705.144606
0.339661,1789,4717.174365
0.181059,2543,4721.874423
0.329788,1961,4725.942109
0.302924,2138,4730.215126
0.462,2197,4744.351657
0.577103,1516,4746.757353
0.183557,1704,4749.771902
-0.061307,1077,4751.67638
-0.033295,1473,4754.294526
-0.040531,1129,4756.279705
0.439353,2332,4769.352796
0.147921,1204,4771.428102
0.231688,1641,4774.344765
0.573159,1086,4776.254653
0.245965,1776,4779.335071
0.259453,2062,4792.282692
0.574735,1277,4794.451838
0.460146,1720,4797.451733
0.018225,1347,4799.814037
-0.352,1063,4801.696535
0.071728,2411,4815.774208
0.35794,1783,4818.763068
0.435183,2681,4823.714797
0.038737,1064,4825.973247
0.269783,1217,4828.588959
0.403717,2466,4843.528282
0.217167,2539,4848.572614
-0.125489,741,4850.165821
-0.006502,1101,4852.390916
0.401647,2173,4866.641586
0.17023,2449,4870.889034
-0.178791,1014,4872.771907
0.388409,2769,4877.719404
0.266053,1593,4889.022253
0.184866,2768,4894.111789
0.038737,1784,4897.808517
0.244138,1685,4901.326184
0.392722,4037,4916.912364
-0.069307,1273,4919.252524
0.31245,1020,4921.065582
-0.087274,1313,4923.40004
0.34794,2115,4935.910914
0.066437,1394,4938.026082
0.064421,1450,4940.541564
-0.092118,1839,4944.017459
0.459017,1610,4947.204214
0.232488,2449,4962.271618
0.014225,1686,4965.330042
0.282598,2067,4969.392696
0.366918,2733,4974.560895
0.348266,2238,4988.765178
0.621858,1518,4991.350373
-0.293,652,4992.504137
0.564321,1341,4994.867596
0.098703,1685,4997.851759
0.38394,1384,5000.321062
0.088668,2089,5012.233753
0.149965,1736,5015.243485
0.267667,2661,5020.0047
-0.079591,1352,5022.377927
0.305308,1508,5034.659078
0.459473,2330,5038.487221
-0.015482,1653,5041.402164
0.289734,2172,5045.245586
0.393457,2869,5060.509645
0.377852,3090,5066.091547
-0.007357,1909,5069.683319
0.469116,2752,5084.253348
-0.204126,1583,5087.342705
0.401584,1488,5090.19998
0.140495,2075,5093.963196
0.144238,1871,5097.234549
0.561832,1231,5109.532004
0.533897,1647,5112.328274
0.604206,1321,5114.7007
-0.007771,1054,5116.569934
0.329699,2153,5120.377327
0.059737,1600,5132.353727
0.04649,1655,5134.870817
0.162883,1628,5137.711502
0.479483,1688,5140.645602
0.458273,1573,5143.399826
0.31245,3122,5156.887451
-0.338,1166,5158.930248
0.282378,1943,5162.355516
0.466372,1966,5165.810489
0.107028,1638,5178.399437
0.547949,1269,5180.487773
0.068728,1534,5183.50508
0.063421,1975,5187.839742
0.325661,2441,5192.996066
0.331,1698,5205.999404
0.681492,998,5208.108148
0.456585,1504,5211.40914
0.375615,3522,5217.903103
-0.230489,1088,5229.379755
0.525147,1407,5231.640963
0.147921,2499,5236.113914
0.111948,1726,5239.326159
0.299843,1876,5242.929714
0.576438,1679,5256.290934
0.681794,1128,5258.48149
0.186014,2043,5262.69497
0.680673,1061,5264.712597
-0.103133,1397,5267.427774
0.552955,1006,5269.521294
0.242053,1838,5282.064671
0.164883,1530,5284.744186
-0.166979,1004,5286.540367
0.453605,2506,5290.978835
0.107948,2115,5304.166853
0.018881,2111,5308.274678
-0.042282,1062,5310.424582
-0.074307,2282,5314.856733
-0.347,1269,5317.382905
-0.088675,1247,5327.999151
0.5005,1861,5331.400772
0.026136,792,5332.880433
0.156495,2145,5336.758297
-0.096111,764,5338.10648
0.228488,1351,5340.53004
0.220936,2406,5353.391245
0.309308,1823,5356.631445
0.289042,1869,5359.970147
0.156515,1937,5363.448688
0.431613,1838,5375.065204
-0.343,1303,5377.17247
-0.071675,1799,5380.388104
-0.071591,1308,5382.701322
-0.053674,1054,5384.566694
0.271734,2313,5397.068552
0.119714,1606,5399.562567
0.561251,1137,5401.559482
0.190557,2167,5405.369481
0.06987,2199,5409.237328
0.221816,1017,5420.493035
0.193297,1826,5423.602174
0.272527,2036,5427.545245
0.315042,1454,5430.471569
0.339737,2462,5435.58556
0.506204,1097,5447.464615
0.2503,1372,5450.003095
0.287042,3010,5455.572614
-0.075138,1218,5457.701756
0.578726,1039,5459.546917
0.540965,1845,5471.02935
0.148711,1641,5473.806719
0.445471,1606,5476.666393
0.36997,2321,5480.828865
0.276799,2816,5494.335584
-0.091118,1621,5497.126024
-0.065307,1339,5499.468426
0.06287,2659,5504.167647
-0.230113,1047,5506.007979
0.350908,3630,5521.286579
-0.141111,1028,5523.085752
0.595517,1084,5524.998905
-0.276452,1554,5527.733416
0.36794,2040,5539.426089
0.144711,2260,5543.490969
0.24722,1645,5547.033273
0.445805,2375,5552.120684
-0.352,1442,5563.382871
0.166059,1813,5566.944431
-0.079913,1425,5570.03862
0.24558,1140,5572.425459
0.332,2559,5577.205451
-0.030674,957,5588.49499
0.265384,1293,5590.55944
0.284984,2823,5595.584345
0.340737,2056,5599.368881
0.35097,2729,5614.634789
0.553955,1693,5617.957062
0.385755,3470,5625.039283
-0.352,1987,5628.948931
0.451061,1322,5639.748078
-0.115489,1329,5641.932741
-0.188892,889,5643.5241
0.382776,3125,5649.045943
-0.024406,995,5650.803131
0.268453,1338,5660.513128
0.476232,2334,5664.550374
0.166515,2172,5668.872092
0.338843,1502,5671.816281
0.617668,1418,5674.725692
0.446344,2700,5686.755045
-0.352,1051,5688.955713
0.476551,1632,5692.312028
0.184808,2693,5697.168406
0.770879,878,5706.97525
0.515227,1864,5709.942855
-0.007406,1139,5711.961675
0.225167,1231,5714.170429
0.550607,1765,5717.318918
0.223053,1847,5728.98117
0.040437,1801,5731.900561
0.506897,1647,5734.812639
-0.174979,2293,5738.839533
-0.302704,1197,5740.973668
0.441301,1748,5753.807257
0.315357,2186,5757.386476
0.017881,1334,5759.744002
0.262598,2357,5763.883091
-0.137121,1030,5765.691533
0.664369,839,5776.904888
0.815836,697,5777.964326
0.2573,1529,5780.426506
0.569569,1141,5782.546003
0.392399,2611,5787.588568
0.341737,1942,5801.414761
-0.114312,1218,5803.611826
-0.196892,679,5804.951482
0.35197,2592,5810.111129
0.61209,1092,5812.182504
0.46431,2016,5815.700436
-0.025406,1342,5825.199494
0.216167,1445,5827.543425
0.352751,2342,5831.649974
0.398663,2467,5836.02834
0.41213,2440,5850.244528
0.448949,2008,5853.685133
0.06087,1636,5856.507263
0.144711,2005,5859.969546
0.12365,1709,5871.207072
0.107028,2294,5874.918445
0.094538,1065,5876.803103
0.135043,2152,5880.581838
-0.140133,1631,5883.451867
0.285984,1918,5893.959902
0.324621,2978,5899.092842
-0.14435,621,5900.184016
0.268667,2247,5904.560549
0.561331,1625,5918.391512
0.36397,2426,5923.540213
0.151948,2036,5927.88639
0.243488,1914,5932.122768
-0.026298,1683,5945.285044
0.535923,1576,5948.011166
0.280863,2920,5953.39467
-0.338,1177,5955.475512
0.059959,1338,5957.859462
0.059959,2540,5971.090229
0.206297,1719,5974.51493
0.048994,1393,5977.476973
0.62508,1138,5979.935469
0.434856,2445,5993.650002
-0.05806,1952,5996.727158
0.513422,1383,5999.184758
0.521614,2090,6002.881242
0.304357,1559,6005.682428
0.349,2261,6018.032757
-0.239557,1130,6020.020205
0.121057,1588,6022.987099
0.039887,2340,6027.854963
0.10665,2593,6041.855981
0.335495,2435,6046.538609
0.354056,2211,6051.052491
0.331737,2801,6064.571059
-0.062913,1566,6066.93821
0.4381,1750,6070.057516
0.307098,1731,6073.148724
0.103368,998,6074.947307
0.48331,2401,6088.265462
0.056484,1124,6090.072394
0.228734,1433,6092.624084
0.254378,3018,6098.03242
-0.011771,1411,6100.554129
0.079538,1334,6111.650276
0.230936,2313,6115.525668
0.077396,3088,6120.898147
-0.094118,1400,6123.357377
0.380876,1234,6135.218689
0.2563,1612,6137.670399
0.136807,1018,6139.478037
0.355,1888,6142.898259
0.001402,1410,6145.603923
0.217277,1500,6148.606701
0.107344,1894,6160.6239
0.546504,1872,6164.474691
0.384817,2541,6169.676749
0.623937,1224,6172.150446
0.459135,1981,6183.453457
-0.023502,2003,6186.778843
-0.349,944,6188.448983
0.276378,1908,6191.839935
0.213936,1265,6194.09234
0.354843,2125,6206.641749
-0.345,910,6207.995272
0.335808,1975,6211.444905
-0.011138,1712,6214.444348
0.268527,1659,6217.350007
0.381981,1935,6229.274232
0.00755,1245,6231.263516
0.357908,2486,6235.57687
0.800292,607,6236.637045
-0.240159,680,6237.83282
0.020518,1836,6241.061044
0.354661,1368,6250.627343
-0.124489,1359,6252.786581
-0.005563,1003,6254.534726
0.388908,1578,6257.320213
0.562971,1712,6260.322883
-0.126489,927,6262.040829
0.361908,1361,6272.410426
0.341,2637,6277.913105
0.02932,3020,6284.385326
-0.088274,1475,6287.601372
0.210432,1344,6298.613386
-0.143121,2677,6303.505003
0.03032,1032,6305.355768
0.34794,2691,6310.412497
-0.234288,1146,6320.613801
0.117948,1518,6323.090142
0.380922,5632,6334.667171
0.254053,3183,6350.637298
-0.351,847,6352.35003
0.426452,1829,6355.634529
0.025737,2006,6359.175629
-0.174979,1234,6370.057668
0.596005,901,6371.396053
0.187714,2618,6375.860892
0.705763,1007,6377.66005
0.060421,2542,6382.247993
-0.039298,1338,6393.414657
0.076421,844,6394.902855
0.356978,3186,6401.168182
-0.044422,916,6402.934534
0.712665,755,6404.422778
0.627147,1407,6407.150984
0.559147,1407,6418.238197
-0.005138,1531,6420.689427
-0.288704,1567,6423.476016
0.596909,1139,6425.502312
0.135792,1635,6428.440646
0.182272,1795,6441.304642
0.118519,1810,6444.139367
0.228488,1748,6447.26205
-0.152159,2010,6450.861468
0.512485,1361,6453.282278
0.116014,1816,6464.549895
0.366773,1932,6467.66128
0.247138,2265,6471.657797
-0.114,1701,6474.645837
0.219384,1490,6485.213444
0.269598,3597,6491.036559
-0.338,765,6492.392044
0.389487,1797,6495.569369
0.071139,1704,6498.605778
0.363808,1363,6509.834892
0.46019,2209,6514.217419
0.198297,2217,6518.660847
0.272734,1458,6521.613402
0.001643,1015,6523.651886
0.568957,1493,6534.577386
-0.337,1354,6536.863307
0.501732,1826,6540.1307
0.218432,1931,6543.553186
0.456712,1264,6545.802535
0.119302,2229,6556.925388
0.095484,1061,6558.754535
0.233432,1237,6560.966398
0.450716,2543,6565.4594
0.652338,1085,6567.369732
0.337737,1980,6578.196645
0.06687,1381,6580.568659
0.40817,2534,6584.998724
0.094538,1551,6587.697395
0.06087,1513,6597.733136
0.04432,2196,6601.209486
0.350843,1303,6603.512593
0.019225,1789,6606.676736
0.000402,1032,6608.499131
0.207936,1741,6620.777417
0.483836,1902,6623.874829
0.505013,1683,6627.349088
0.296258,2261,6632.02513
0.025136,1320,6634.762475
0.49074,2761,6648.679099
0.202297,1934,6652.563253
0.640726,1039,6654.611301
0.286984,2217,6658.979798
0.209564,977,6660.856167
-0.083,1769,6673.042912
0.152314,1526,6675.689763
0.425657,1123,6677.835921
0.519198,2270,6682.073246
0.129564,2169,6693.787507
0.520201,1749,6697.092691
0.227384,1199,6699.664034
0.385043,2640,6705.017179
0.333773,3279,6719.604632
0.175404,1156,6721.517793
0.474615,1916,6724.898614
0.280984,1329,6727.275743
0.502231,1399,6729.754195
-0.16835,1021,6731.563595
0.602529,1285,6741.63754
0.596897,1351,6744.128868
0.237876,1587,6747.392246
0.427355,2655,6752.728917
-0.12344,826,6754.261457
0.331737,2547,6767.449071
-0.162979,1219,6769.937567
-0.321,533,6771.066935
0.000139,1753,6774.364775
0.324624,2159,6778.245504
0.327924,2228,6789.630458
-0.013942,1502,6792.284771
0.003862,992,6794.059916
0.426676,2670,6798.812255
0.022136,1240,6801.002483
0.120792,1949,6812.948023
0.595731,1219,6815.10654
0.139344,1928,6818.496139
0.221384,2479,6822.868837
0.237876,1453,6834.031494
0.044437,1028,6835.584743
0.492478,1259,6837.794888
0.149711,1948,6841.236649
0.04449,1230,6843.402107
0.559361,1160,6845.467265
0.644793,931,6847.11182
0.260453,2471,6859.122791
0.331699,2250,6863.154297
0.360737,2034,6867.069803
0.087668,2901,6880.141649
0.449751,1926,6883.935927
0.256589,1163,6886.114214
0.528213,1507,6889.100909
-0.096133,905,6890.8624
0.46168,3519,6906.324951
-0.047345,1656,6909.249183
0.333773,1522,6911.964724
0.519264,1662,6914.897093
-0.002771,2313,6924.999158
0.346808,1187,6926.797394
0.542528,1171,6928.843764
0.159124,2086,6932.430343
0.118538,1247,6934.596071
0.438706,1544,6944.615683
-0.004357,1211,6946.389284
0.369908,1313,6948.543084
0.016862,1880,6951.832058
-0.055674,1115,6953.792286
0.163701,1480,6956.405749
0.443193,2876,6970.217024
0.165322,1953,6973.636559
0.60936,1443,6976.187794
0.017377,1136,6978.199566
0.526545,1828,6987.689406
-0.268311,1202,6989.810658
0.358737,2151,6993.789759
-0.038282,1338,6996.580963
0.265378,1362,6999.562317
0.156515,1997,7003.534036
0.093792,1225,7014.237441
0.547398,1142,7016.244937
0.331699,1628,7019.212252
-0.043345,2119,7023.030178
0.120277,1108,7025.070471
0.052484,1557,7036.492245
0.633159,1086,7038.178464
0.099028,2098,7042.058818
0.059959,931,7043.979286
0.423622,1963,7048.082655
0.173396,1318,7050.748327
-0.075913,2756,7063.2837
0.084926,1500,7065.793396
0.205564,1304,7068.271248
0.620143,1301,7070.930889
0.421352,1320,7073.39726
0.333699,2561,7085.880557
0.49791,1534,7088.596009
0.324308,2913,7093.671641
-0.155979,1027,7095.484269
0.094538,1052,7105.88198
0.131564,1535,7108.575342
0.306357,1566,7111.613508
0.333,1913,7115.60619
-0.112111,1115,7117.886056
-0.002357,947,7119.820412
-0.001357,2397,7132.457483
0.147921,2355,7136.690277
0.349773,1626,7139.611022
0.369869,1551,7142.396141
0.411082,4011,7156.12724
-0.022406,2045,7159.780309
0.181557,1272,7162.048722
0.092023,2585,7171.795853
0.600308,782,7172.994076
0.194866,2947,7178.197026
0.019881,1902,7181.543987
0.32945,1687,7191.129688
0.490688,1403,7193.229833
-0.133312,860,7194.678977
0.224384,1504,7197.334544
0.610529,1285,7199.599688
0.003855,1914,7202.931126
0.163701,1318,7210.590449
0.625176,1120,7212.267056
0.32658,2840,7217.075402
-0.336,527,7218.013662
0.419613,2248,7222.021529
0.058421,1250,7233.894068
0.149711,1582,7236.707806
0.073728,2036,7240.789187
0.211816,1334,7243.428157
0.308404,2005,7247.240264
0.445549,2013,7258.294855
0.324661,2762,7262.941391
0.150711,1393,7265.389817
-0.233288,1019,7267.189384
-0.050422,1752,7270.275742
0.274863,1438,7280.31065
0.135043,2342,7284.196279
-0.050531,1082,7286.086689
-0.038345,729,7287.368852
0.155807,1102,7289.313344
0.041971,1368,7291.712614
0.513465,2092,7303.416231
-0.049913,1467,7305.963981
0.348908,2640,7310.525627
-0.040345,1540,7313.210202
0.227816,1793,7324.066992
0.194157,1845,7327.05333
0.007498,1111,7329.005999
0.356737,2033,7332.582627
0.197404,1688,7335.55603
0.187014,1549,7344.772915
0.537574,1579,7347.797234
0.645264,994,7349.690316
0.098703,1614,7352.974819
0.370773,2158,7357.491013
0.481779,2603,7370.110183
0.039437,1546,7372.995535
0.173701,1175,7375.167747
-0.051531,2335,7379.362247
0.330699,1582,7382.274702
0.130792,2315,7392.389535
-0.018502,1487,7395.157013
0.339621,1630,7398.237583
0.545607,1765,7401.399233
0.220936,2191,7413.178224
0.279924,2109,7417.406596
0.468029,2007,7421.527184
-0.004357,1857,7425.353533
-0.301704,1234,7435.54792
0.59209,1092,7437.196462
0.199564,2274,7441.132653
0.244138,1542,7443.873356
0.157124,3651,7459.17986
-0.100133,1334,7461.185028
-0.002623,1013,7463.022321
0.280667,1866,7466.771132
0.330737,1831,7470.533624
0.280863,2606,7483.349977
-0.007502,1037,7485.244636
0.641487,1246,7487.611802
-0.294704,1380,7490.163149
0.191297,1567,7493.080536
-0.220029,1147,7495.140725
0.214936,1645,7505.03067
0.522901,2127,7508.560071
-0.019623,1306,7510.879269
-0.100603,777,7512.293832
0.411633,2891,7517.438737
-0.168677,987,7526.729983
0.341651,2103,7530.214734
0.112344,1270,7532.456724
0.465004,2242,7536.399935
0.094703,1957,7546.851645
0.054484,1261,7548.748793
-0.343,1749,7551.652623
0.071139,1268,7553.918087
0.07249,1477,7556.521232
-0.009771,1496,7559.166676
0.156124,1797,7572.124595
0.290495,1898,7575.246228
0.433956,1856,7578.501643
0.373904,1611,7581.363549
0.36957,2312,7594.747508
0.31445,7805,7617.190256
0.35694,1995,7620.238398
0.280984,2522,7624.705847
0.286863,1744,7627.812766
0.039971,864,7629.344907
0.147043,2162,7641.356321
-0.086312,1101,7643.033901
0.076994,1602,7645.860751
0.413018,2598,7650.436273
0.134043,1555,7653.203942
0.166059,1817,7664.752404
0.296598,1808,7667.845779
-0.051422,2249,7671.710402
0.044437,1485,7674.297329
0.30945,2275,7686.378906
0.172564,1778,7689.341958
0.242876,1088,7691.270181
0.394642,2918,7696.422093
0.13165,1076,7698.32552
0.012225,1219,7708.342746
0.322849,3226,7714.945584
0.120238,1410,7717.728536
0.201866,1820,7721.408023
0.17123,1697,7733.182156
0.564703,1744,7736.114539
0.228589,3112,7741.942473
0.150124,1396,7744.535145
0.453803,2061,7756.664759
0.020518,596,7757.645964
0.446598,2025,7761.362458
-0.201557,1052,7763.403185
0.180043,1478,7766.296
0.214014,1557,7769.470257
0.279453,1443,7780.2297
0.299984,1491,7783.28638
0.049994,1097,7785.598807
0.143043,2126,7789.763713
0.04949,1484,7792.655095
-0.293704,1244,7804.464879
0.153711,1894,7807.549021
0.60383,1122,7809.532394
0.523868,1713,7812.56984
0.019881,1144,7814.579601
0.088538,1538,7817.322093
0.342876,2282,7827.74924
0.19323,2253,7832.266148
0.366852,3090,7838.472618
0.437504,2105,7850.022149
0.279924,6901,7862.176339
0.153322,2679,7875.448996
0.244589,1825,7878.684507
0.150921,1532,7881.392834
0.346699,1342,7883.780617
0.259053,2365,7897.139854
0.492394,1530,7899.699772
0.027225,950,7901.422047
0.689338,1085,7903.516388
0.206936,1346,7906.149257
0.482072,1888,7917.234696
-0.098603,1257,7919.348946
0.295612,2145,7923.078647
0.230688,2071,7926.670381
0.463841,1783,7929.795833
0.221384,2184,7942.076662
0.272799,1367,7944.626495
0.490875,1972,7948.097615
0.134043,1348,7950.777195
0.589375,1313,7953.68177
0.579996,1469,7962.632235
0.146043,1379,7965.209774
0.12265,1357,7968.068073
0.342308,1792,7971.898058
0.316538,3131,7983.944885
-0.150677,1444,7986.158794
0.550877,1409,7988.567759
-0.032295,1665,7991.548761
0.414878,2307,7995.708487
0.422274,2350,8008.062042
-0.018298,1144,8010.088736
-0.127312,638,8011.364899
0.486682,2430,8015.998312
0.502463,1977,8019.886385
0.337661,1767,8031.221078
0.026792,1255,8033.509747
0.357876,2300,8037.97978
-0.337,1238,8040.582061
0.207564,1226,8043.251213
0.401274,2350,8056.315314
0.653875,1082,8058.081065
0.499137,2110,8061.8316
0.166322,1304,8064.613441
-0.108312,754,8066.22611
0.499457,1580,8069.56499
0.581131,1281,8078.614867
0.453838,2260,8083.223761
0.511732,1826,8087.077639
0.364627,2975,8093.194842
-0.072591,2015,8103.597917
0.247688,1504,8106.26106
0.44664,1939,8109.697333
0.492894,1462,8112.300116
0.133807,1700,8122.066475
-0.022674,1352,8124.438131
0.25222,1450,8127.452214
0.350843,2395,8132.340122
0.177396,1863,8136.122112
0.519616,1668,8147.812651
0.403318,1863,8151.333838
-0.136111,5964,8167.438596
-0.269311,1154,8169.183741
0.415152,1532,8171.91385
-0.17835,1662,8174.83352
0.021855,1135,8176.849742
0.458504,1872,8180.176968
-0.010942,1958,8189.40132
0.210053,1341,8191.868331
-0.11133,1938,8196.056411
-0.342,663,8197.524734
0.581399,1068,8199.882417
0.378786,1880,8211.810326
0.192876,2357,8215.502232
-0.17135,1423,8217.888787
0.647045,1115,8219.900934
0.617041,1180,8222.036277
0.076421,945,8223.789985
0.561226,1515,8234.118647
-0.035282,1474,8236.423437
0.347737,1380,8238.930537
0.096703,2464,8243.552922
0.131314,2633,8256.241729
0.294598,1942,8259.428576
0.476116,1701,8262.481401
0.433422,6798,8282.182358
-0.344,1137,8284.127371
-0.33,911,8285.66013
0.130948,1708,8288.583485
0.098728,935,8290.209753
0.123057,2057,8302.358507
0.34894,1623,8305.35205
0.157515,1428,8308.238146
0.377194,3326,8314.419437
0.164883,1837,8326.548213
0.263598,1788,8330.000619
0.09887,1085,8331.940397
0.067959,2713,8336.436118
0.120344,1904,8347.856903
0.237965,2027,8351.231393
-0.292452,1368,8353.488536
0.04449,1009,8355.365971
0.135043,3684,8368.107972
0.238965,2138,8371.619724
-0.10933,1182,8373.720532
0.58875,1345,8375.95191
-0.049591,761,8377.249852
0.300984,2303,8381.514687
0.111703,1323,8391.641486
0.407137,2110,8395.281657
-0.338,1352,8397.807526
0.135043,1239,8400.097105
0.098668,1758,8403.370271
0.473427,1538,8413.310983
0.209308,3979,8420.406042
-0.052598,1496,8423.355721
0.136314,1303,8425.990712
0.229277,2142,8437.934357
0.68148,1019,8440.009242
0.763766,763,8441.621146
0.445744,2411,8446.480658
0.468598,2025,8450.59562
0.183734,1880,8461.674065
0.107344,1375,8464.117558
-0.16444,1691,8467.253384
0.715562,972,8469.054396
0.364301,2178,8473.040421
0.2773,1018,8482.933142
0.141043,1455,8485.586039
0.120519,3139,8491.814103
-0.038345,1503,8494.780315
0.507932,2462,8507.851944
0.289799,1738,8511.204425
0.231384,2685,8515.98304
-0.116719,1264,8518.218637
-0.074307,751,8519.568353
0.426047,1946,8532.643013
0.335773,1605,8535.405686
0.567347,1025,8537.276985
0.018518,1636,8540.249322
-0.048531,749,8541.655753
0.396616,2764,8554.676614
0.158322,1263,8557.110952
0.068728,1981,8561.245594
0.196866,2221,8565.724818
0.268053,1997,8577.617746
0.102703,2054,8580.906054
-0.061357,888,8582.509757
0.188598,1634,8585.49031
0.544625,1325,8587.768993
0.345876,2320,8599.939638
0.158564,1838,8602.811094
0.06187,1358,8605.266401
0.649748,888,8606.894196
0.414386,1942,8610.47541
0.491014,1823,8613.665443
0.47191,2444,8625.869553
0.312863,1916,8629.302743
-0.040579,948,8630.863533
-0.292704,667,8632.11473
0.450343,2163,8636.164019
0.204692,1389,8645.447841
0.148807,1168,8647.467027
0.062518,1004,8649.374209
-0.033531,1084,8651.348517
0.333,2746,8656.48746
0.151124,2391,8668.175914
0.373737,2402,8672.801165
0.211816,2304,8677.237346
0.740168,672,8678.488041
0.088139,1309,8680.974988
0.46635,1119,8690.899557
0.082703,2776,8695.645997
0.63875,1338,8698.015929
-0.303704,1689,8701.10751
0.017701,1254,8703.113837
0.138272,1785,8712.855822
0.701352,968,8714.583866
0.093302,2198,8718.509076
0.468076,1994,8722.110509
0.061994,1200,8724.30217
-0.054422,1426,8734.757489
0.091368,1557,8737.408883
0.498228,1143,8739.578382
-0.129312,1519,8742.31447
0.352876,1694,8745.453032
0.513341,2383,8756.909145
0.034737,1734,8759.833919
0.292098,1723,8762.953758
0.709147,1229,8765.165498
0.197014,1641,8768.094694
0.482613,1353,8778.133179
0.379808,1481,8780.410279
-0.013771,2470,8785.335945
0.074538,1977,8788.885363
0.32997,1914,8799.444044
-0.16344,1431,8802.155739
0.127948,885,8803.914527
0.165711,2291,8808.609909
0.057437,1084,8810.913424
0.31245,1501,8813.769237
0.63741,1458,8824.264844
0.281863,2095,8827.931068
0.568186,1540,8830.839395
0.329737,1863,8834.120565
-0.053422,1843,8837.502804
-0.055598,1327,8847.987683
0.129519,2122,8851.922098
0.165883,1626,8855.231655
-0.114719,822,8856.873699
0.118792,1816,8860.586776
-0.097133,1414,8870.834271
0.130314,1306,8873.327536
-0.003357,1899,8877.031946
0.040518,1221,8879.436333
0.190157,1358,8882.153703
0.320621,1626,8894.168331
-0.06485,2908,8898.966831
-0.122312,1389,8901.479764
0.128589,1405,8903.919749
0.205816,1966,8907.793886
0.06349,779,8916.883828
0.133703,1838,8920.307807
0.06587,1488,8923.106181
-0.021295,1097,8925.178818
0.469969,1792,8928.866879
0.32558,1406,8931.718391
0.232783,2345,8942.3298
0.302734,1703,8945.364009
0.458905,1742,8948.267579
0.039887,1835,8951.454716
0.098703,1212,8961.220659
0.412776,1794,8964.314937
0.17223,1237,8966.534346
0.356495,2496,8970.831345
0.142272,1570,8973.860969
0.124238,1123,8983.392293
0.359346,2511,8987.632172
0.100668,2177,8991.319565
0.550231,1399,8993.775236
0.257876,1761,9004.399796
0.32958,2320,9008.12297
-0.146111,1632,9010.902579
0.206564,1077,9012.853203
-0.038295,1575,9015.729539
0.025881,852,9017.320415
0.321538,2677,9030.410477
-0.159304,732,9031.790938
0.477482,1989,9035.665267
0.466788,2215,9039.54087
0.084668,1316,9049.75986
0.368843,1955,9053.237629
0.643219,1114,9055.070383
0.443737,3427,9061.010133
-0.133189,1539,9071.188991
0.297799,2039,9074.501121
0.415501,2281,9078.419091
0.067421,1196,9080.441749
0.291098,2154,9084.129509
-0.335,822,9094.551785
-0.113,651,9095.595245
0.34794,3042,9100.890313
0.2773,1501,9103.698038
0.142807,1287,9105.957294
0.256453,1881,9117.250156
0.283984,2563,9121.678177
0.248053,2811,9126.720673
0.296206,1956,9130.266326
0.259453,2022,9141.120713
0.051437,1110,9143.330673
0.210396,1645,9146.730944
-0.198113,718,9148.229935
0.351908,1909,9152.039731
0.578276,1897,9164.812202
-0.013771,1614,9168.041463
0.345908,1785,9171.828296
0.110344,1511,9174.670415
0.345138,2932,9186.63406
-0.343,1024,9188.308363
0.033887,1356,9190.615061
0.453076,1994,9194.164009
0.071421,835,9195.623343
0.336737,2760,9208.321634
0.140519,1455,9210.814377
-0.346,689,9212.191357
0.087302,2517,9217.247436
-0.002598,1151,9219.572499
0.656876,1181,9221.835491
0.245876,2026,9233.371123
-0.094708,2027,9236.755767
-0.144111,1331,9239.154052
-0.352,773,9240.554862
0.109948,2593,9245.034832
-0.136189,779,9254.906669
0.440356,1788,9257.781384
-0.150708,1427,9260.368567
0.272453,1761,9263.735309
0.493887,2580,9268.939722
0.038881,1808,9279.886125
0.260378,1360,9282.522836
0.405089,1508,9285.484175
0.036437,1592,9288.528034
-0.290452,1548,9291.226944
0.643229,1444,9301.923541
0.334308,2347,9305.705862
0.077728,1221,9307.813226
0.38465,2063,9311.293517
0.113238,1794,9314.099529
0.017855,753,9322.884709
0.383909,2996,9327.863525
0.375843,2173,9331.735982
0.50402,1731,9334.661946
0.518013,1683,9343.458728
0.153322,2567,9347.796996
-0.347,1349,9350.111223
0.109703,1047,9351.977408
-0.130312,1499,9354.646743
0.041887,1253,9364.446671
0.353661,2100,9367.818543
0.057057,1203,9369.907284
-0.212034,710,9371.150438
0.346781,2522,9375.522085
0.17423,2147,9386.641239
0.441186,2056,9390.696454
0.437633,1725,9394.276013
0.297206,2058,9398.531579
-0.168979,1845,9409.781114
-0.120312,800,9411.185282
0.289527,1577,9413.975908
0.275598,1147,9415.999314
0.177557,2387,9420.284158
0.078538,1548,9422.979949
-0.076591,1101,9432.383817
-0.020337,2416,9436.393287
0.324661,2137,9440.127095
0.274799,2438,9444.57234
0.026881,1403,9455.320291
0.514776,2325,9459.395845
0.32458,1757,9462.746337
0.454971,1983,9466.723492
-0.014623,2042,9477.858083
0.098668,1027,9479.657089
0.353876,2470,9483.930959
-0.043298,1219,9486.023138
0.761148,840,9487.709532
0.298258,3160,9500.352803
0.59675,1345,9502.809506
0.42319,2123,9507.173715
-0.219034,1047,9509.336451
0.398416,2549,9522.324429
-0.126489,2025,9526.072962
-0.10933,1128,9528.336511
0.35497,2060,9532.558137
-0.35,736,9533.821861
0.511107,1740,9536.906298
-0.163557,970,9545.833778
-0.137189,1207,9547.720047
0.194297,2333,9551.832018
-0.258958,1470,9554.402473
0.450879,2060,9557.949726
0.440677,2024,9569.311219
0.135564,3863,9576.703141
0.183396,2087,9580.722652
0.003855,1219,9591.234405
0.086668,1879,9594.357503
0.645972,1205,9596.611461
0.166883,2025,9600.266646
0.027538,1152,9602.178303
0.278734,1424,9610.181482
0.581745,1695,9612.919173
0.129564,1777,9615.942271
0.327699,2663,9620.530271
0.454956,1856,9632.504136
0.132807,3274,9638.551205
-0.099133,1765,9642.248612
0.218277,1746,9645.52302
0.414425,2569,9657.954671
-0.075913,1064,9659.776392
0.095703,2732,9664.91761
0.180396,1328,9667.052203
-0.123189,991,9668.595342
0.578071,1592,9679.174341
0.11565,1245,9681.165087
0.420538,1964,9685.033589
0.567362,1172,9687.412434
0.193157,2168,9691.496991
0.198297,2151,9701.907513
0.204564,1442,9704.358821
-0.047345,1640,9707.213523
0.282924,1213,9709.165138
0.38797,2226,9713.170699
-0.258557,1229,9721.896516
0.2943,1888,9725.138147
0.542124,1969,9728.672368
0.124057,1659,9731.640822
0.548572,1220,9733.908381
0.47235,2003,9744.462693
0.160515,2011,9748.229258
0.213258,2257,9752.434151
0.214692,1355,9755.013235
-0.208029,2557,9769.178354
0.026225,813,9770.639828
0.35194,2976,9775.696006
-0.051674,1859,9778.960003
-0.073591,1301,9788.847042
0.522294,2419,9792.716207
0.150272,2451,9797.048397
0.484868,1470,9799.655884
0.36497,1659,9802.591823
0.239965,3207,9814.848597
0.348908,2763,9819.524661
-0.011138,1167,9821.41103
0.362908,1878,9833.047296
0.2633,1263,9834.992573
0.240277,3033,9840.557445
0.044971,1196,9842.770134
-0.349,722,9844.10345
0.691607,1346,9854.175542
0.310357,2213,9857.671027
0.307357,2184,9861.653766
-0.072307,1479,9864.495914
0.389951,2856,9878.304597
-0.074307,1588,9881.176909
0.140272,1156,9883.380525
0.042887,1977,9886.908329
0.141314,1156,9889.243961
0.338647,2627,9900.606829
-0.334,879,9901.973877
0.495103,1476,9904.690512
-0.007138,1991,9908.127279
0.312863,1977,9911.707533
0.270598,1677,9922.082793
0.249589,1886,9925.524313
0.093297,2540,9930.443056
0.019518,1431,9932.911497
0.470504,1872,9943.136702
0.344908,1756,9946.082084
-0.161791,746,9947.551959
-0.343,1262,9950.003475
-0.106719,793,9951.518679
0.258453,1469,9953.985413
0.151866,2111,9963.465653
0.25222,2075,9966.82961
0.613218,1069,9968.679375
0.194432,1799,9971.800267
0.345808,3332,9984.770246
-0.236288,1371,9987.087485
0.55325,1886,9990.647342
-0.15544,978,9992.35765
0.132314,1373,9994.902237
0.500112,2044,9998.881866
0.020881,1454,10008.794942
-0.125312,836,10010.360163
0.050484,1922,10013.701446
0.35597,1903,10016.878677
0.239984,1684,10019.932678
-0.014771,1238,10030.321814
0.366999,3600,10036.203431
0.280984,1983,10039.46559
0.060959,632,10040.633528
0.343843,2903,10052.060497
0.595674,1072,10053.874556
0.392792,3158,10059.058246
-0.347,1120,10061.008887
-0.127282,537,10061.842498
0.676338,1085,10072.253417
-0.06485,1026,10073.887005
0.434793,1973,10077.406372
0.35097,2277,10081.515659
0.504871,1387,10083.955902
0.074139,1969,10095.081594
0.264808,1377,10097.331285
0.221432,1798,10100.404739
0.068421,1260,10102.7672
0.040314,2431,10107.299191
0.01055,1475,10117.667168
0.276799,1547,10120.424035
0.400501,3314,10126.40115
0.180495,2801,10140.322155
0.675164,939,10141.78511
0.2683,1640,10144.699945
0.450218,2658,10149.03178
-0.116719,1549,10151.715897
0.301308,2045,10162.743061
0.140043,1693,10165.709048
0.557082,1315,10168.094985
0.42166,2232,10171.853419
-0.343,1252,10174.164246
-0.164677,1543,10183.607786
0.251053,2575,10187.833342
0.337773,1528,10190.420082
0.359876,2203,10194.29446
0.35397,2433,10206.419595
0.329661,2423,10210.477388
-0.339,1189,10212.47315
0.036225,1144,10214.277272
-0.037282,2110,10226.64331
0.576171,1261,10228.698817
0.594146,1385,10231.194628
0.05249,1568,10234.149308
0.019855,881,10235.740253
0.414064,2304,10240.345546
0.192297,2777,10253.821067
0.505227,1548,10256.52836
0.546698,1705,10259.466419
0.057959,1846,10262.624149
-0.17735,1433,10272.212941
-0.147111,991,10273.843781
0.193297,2530,10278.433178
0.204564,1245,10280.705439
0.418816,1733,10284.092378
0.661478,894,10285.751436
0.11565,1277,10295.408706
0.518486,1906,10298.93816
-0.05785,1608,10302.1594
0.286042,1775,10305.777169
0.471259,1789,10309.360621
0.271453,2414,10319.43704
-0.108189,1119,10321.414473
-0.169791,1048,10323.215568
0.420107,2801,10327.864136
0.043881,731,10329.141004
0.179714,1790,10339.838488
-0.104337,952,10341.424159
0.251965,1635,10344.735387
0.488053,1982,10348.902754
0.416565,1562,10352.187501
0.039437,2742,10361.549078
0.176059,1559,10364.568593
0.575279,1436,10367.102521
-0.329,898,10368.781111
0.034737,1282,10371.205323
-0.103708,2111,10381.158518
0.139453,973,10382.691387
0.511813,2035,10385.994529
-0.17935,986,10387.624857
0.342308,1694,10390.606626
0.043971,1686,10400.30414
0.494803,1704,10403.080223
0.407389,2794,10408.194494
0.223277,1623,10411.116706
0.115519,2712,10424.269996
-0.352,957,10425.894699
0.127057,1242,10427.957629
-0.334,946,10429.622519
0.285924,1465,10432.023849
-0.314,1577,10434.957134
0.051402,684,10436.188935
0.225589,1732,10446.385203
0.017057,2657,10451.187888
0.67183,1283,10453.315394
0.560079,1673,10456.319612
0.306737,1594,10467.095873
0.573541,1894,10470.26766
0.36594,2377,10474.720028
0.562464,1340,10477.260144
0.218277,2035,10489.066787
0.168883,1469,10491.6285
0.314008,2964,10496.972207
0.070728,1052,10498.867065
0.116238,1461,10501.476841
0.03632,1966,10511.997003
0.003402,2657,10516.33407
0.023136,1623,10519.227562
0.508595,1480,10521.891819
0.102028,2266,10532.4263
-0.029298,1151,10534.174652
0.2503,1635,10537.097217
0.155711,2215,10541.056003
0.54077,1324,10543.431729
0.260527,2600,10555.63675
0.061959,1200,10557.695863
-0.343,624,10558.85611
0.343398,1907,10562.446159
0.35297,1793,10565.732546
0.162883,2631,10577.197989
0.060484,1205,10579.207356
0.060302,2410,10583.650231
-0.04685,1748,10586.990611
0.202692,1815,10598.410469
0.216053,2190,10602.197764
0.597282,1280,10604.798105
0.031058,1543,10607.837699
-0.100531,1217,10610.181533
-0.080913,1007,10612.186581
0.222488,2191,10622.590539
0.410202,1821,10625.845889
0.31245,2986,10631.318249
0.365538,1430,10634.010499
0.489069,2241,10645.636752
0.013402,1023,10647.727174
0.021518,814,10649.443626
0.249138,1480,10652.545871
0.276734,1700,10655.961075
0.19923,2929,10669.270331
0.172238,1412,10672.013908
0.324495,1463,10674.709072
0.200059,1486,10677.364382
-0.138189,1514,10680.11229
0.391627,2279,10691.69023
0.298984,1817,10694.885029
0.379074,2497,10699.017141
-0.11433,1752,10702.037703
0.07265,960,10709.887229
0.405629,1893,10713.231489
0.676451,880,10714.930818
0.366901,3420,10721.798628
0.063971,1792,10731.572087
-0.061119,751,10732.816664
0.35294,3274,10738.268082
0.032136,1420,10740.681185
0.020402,1591,10743.605837
0.451216,1944,10754.884974
0.380974,3762,10761.200225
-0.344,1326,10763.660666
-0.058674,902,10765.353382
0.348876,2179,10777.10603
0.187701,1270,10779.425294
-0.077,2446,10784.143875
0.092668,1526,10787.076309
-0.231288,840,10788.698398
0.400682,2430,10799.558647
-0.328,1230,10801.512359
0.443958,1971,10805.043468
0.426111,2336,10809.24182
0.146272,3154,10822.305503
-0.103133,1818,10825.899068
0.423661,1904,10829.615477
0.434612,1472,10832.37642
0.208432,1056,10834.464316
0.102344,2799,10847.266097
-0.040298,1815,10850.435234
0.341843,2172,10854.462027
-0.034337,2514,10865.433918
0.127564,2047,10868.833709
0.199432,1562,10871.642126
0.108322,1200,10873.778845
0.332773,3599,10886.415703
0.35997,3582,10892.910657
0.328357,2595,10897.885117
0.285042,2456,10910.313621
-0.092118,918,10911.928074
0.417957,2830,10917.260508
0.004643,1149,10919.399558
0.591152,1532,10922.180254
-0.088274,2216,10932.982335
0.46771,1974,10936.553141
0.35097,2608,10941.399004
-0.039422,1041,10943.414992
0.312153,2166,10954.638997
-0.001357,1993,10958.472471
0.188157,1701,10961.751858
0.102028,2462,10966.529071
-0.056531,941,10975.012793
0.33158,3428,10981.036284
0.25522,1148,10983.068489
0.223488,1475,10985.77863
0.384856,2445,10998.600623
0.137564,2272,11002.443486
0.410493,3276,11008.94277
0.153043,1175,11011.39827
0.398951,2856,11022.081847
0.203816,1642,11025.355074
0.499486,1906,11029.175069
-0.103942,1208,11031.526912
0.259527,1379,11041.645468
0.180714,3219,11046.971392
0.078538,1332,11049.407801
0.557311,1125,11051.44258
0.544942,950,11053.122494
-0.000598,1922,11064.203356
0.300308,1713,11067.351991
0.512568,1650,11070.529855
-0.025502,2539,11075.848726
0.059484,1710,11079.591656
0.186515,1744,11089.154963
0.287863,2415,11093.826416
0.139564,1071,11095.74976
0.201692,2798,11100.509148
-0.129312,1167,11109.414138
0.319308,1798,11112.529638
0.529757,2129,11115.781666
-0.060591,1346,11117.966991
0.34794,2568,11129.673085
0.606706,1495,11132.409595
-0.097118,1818,11135.828788
-0.17335,1181,11138.145358
-0.124121,653,11139.38714
0.089668,1811,11142.772055
0.297098,1305,11152.940018
-0.070591,2450,11157.177275
-0.012771,884,11158.794026
0.35345,1985,11162.417194
0.639773,1077,11164.447964
-0.112,1152,11166.3871
0.360773,2286,11177.585776
0.124519,1735,11180.701394
0.356473,2330,11185.258196
-0.125189,1095,11187.550638
0.36397,1574,11196.845843
0.333464,3240,11203.347306
0.236661,1849,11207.272479
0.268734,2661,11217.912494
-0.163791,735,11218.982891
0.35497,1826,11222.024497
0.206621,2921,11227.130038
0.176883,2002,11230.472795
0.220297,1164,11239.904847
0.097668,1718,11242.776412
0.434169,2704,11247.699614
0.020518,1591,11250.279845
0.112238,1570,11259.804964
0.072139,2394,11263.879802
-0.024282,765,11265.311665
0.334737,3009,11270.420165
-0.257288,917,11271.990076
-0.215034,964,11281.070038
0.616335,1327,11283.010364
0.173396,1767,11286.063886
0.600265,1241,11288.308774
0.090668,1304,11290.671958
0.397381,2871,11301.428409
0.17223,2067,11305.178473
-0.054422,1301,11307.815484
0.440034,2045,11311.885715
0.002139,940,11313.828194
0.188157,1753,11324.569204
-0.06685,1192,11326.646474
0.615109,1242,11329.06005
0.030136,2786,11334.447653
0.156124,1236,11336.796908
0.256138,2000,11347.282847
0.311495,2535,11351.57019
0.632264,994,11353.203997
0.25222,1721,11356.2124
0.108344,1193,11358.342978
-0.339,1606,11369.680328
0.462031,1533,11372.420016
0.465131,2575,11377.525922
-0.034674,1104,11379.501035
0.352876,1294,11381.824198
0.348908,2406,11392.695729
0.377773,2046,11396.301296
0.007402,1294,11398.701474
0.594146,1005,11400.481446
-0.025502,3207,11413.375827
-0.194892,1268,11415.343725
0.057421,1034,11417.176333
0.44134,2054,11420.880057
0.188157,1263,11423.330508
0.154322,2210,11435.245347
0.182701,1449,11438.030351
0.148564,1252,11440.560193
0.509116,2555,11445.771514
0.10665,1927,11449.70236
0.35897,2457,11460.49737
0.546588,1298,11462.737797
0.212053,3156,11468.311088
-0.113719,1101,11470.207185
0.504509,1669,11480.476648
0.309308,1897,11483.733127
0.319538,1879,11487.171888
0.422807,3424,11493.706881
0.137807,1846,11503.531202
0.182714,1687,11506.71217
0.24822,2710,11511.7201
0.485613,1520,11514.440348
0.228488,2189,11525.83628
0.391131,2575,11530.4343
0.555591,1860,11533.431775
0.283924,1997,11537.047672
-0.04885,1038,11546.36938
0.318924,3054,11552.107449
-0.020623,887,11553.790279
0.397533,2766,11558.752633
-0.149111,1251,11566.620613
-0.043531,1403,11568.907902
0.393957,2780,11573.876048
0.35694,1749,11577.031051
0.36097,2170,11587.522318
-0.195892,1153,11589.343722
0.264453,3250,11594.665376
-0.021623,2139,11598.559254
0.04632,1346,11608.213701
0.054994,2763,11612.651501
0.548907,1358,11615.099149
0.232688,2683,11619.935306
0.124519,1502,11630.302389
0.296153,1976,11633.581596
0.363475,2528,11638.19909
0.606042,1150,11640.339662
0.646406,1266,11642.655485
0.303308,2075,11653.317964
-0.114719,1457,11655.902424
0.179714,1895,11659.321227
0.580325,1699,11662.445344
-0.071307,1980,11666.28756
0.305404,1661,11676.324558
0.335808,2490,11681.198347
0.065421,1480,11684.018789
-0.028422,1031,11686.038281
0.496417,2053,11696.214577
0.185014,2135,11699.781308
-0.027406,1920,11703.402203
0.471428,1840,11706.809631
0.136043,2498,11717.947471
0.100028,1537,11720.204137
-0.273452,839,11721.656344
0.243053,2743,11727.197622
0.520807,1373,11729.976591
0.348,2332,11742.886791
0.010737,1009,11744.688666
0.470535,1697,11748.051589
0.361621,1861,11751.458681
0.132807,1709,11754.631094
0.530103,1476,11764.210589
-0.35,1661,11766.958378
0.025737,2374,11771.17046
-0.344,1985,11774.678908
0.263965,1665,11784.099909
0.308404,1779,11787.282447
-0.099708,735,11788.837795
0.181714,2526,11794.019974
0.043057,1190,11796.073377
0.360773,1618,11799.381305
0.276043,2880,11812.032792
0.110028,2356,11816.237362
0.153057,1375,11818.570563
0.10387,1404,11821.035964
0.185557,2479,11832.967946
0.344876,1905,11836.344506
0.190714,1236,11838.593555
0.108703,2620,11843.082093
0.086668,1110,11852.571383
0.112238,2114,11856.256054
0.187714,1989,11859.870684
0.108368,1156,11861.968294
0.189883,2915,11873.527056
0.237589,2211,11877.284479
0.247688,1064,11879.233381
0.496756,2023,11882.948039
0.44724,3212,11896.851472
0.165515,1741,11899.721111
0.021518,1706,11902.910565
0.121057,2220,11907.283634
0.259965,967,11909.318411
0.325304,3014,11921.33438
0.039807,1259,11923.781504
0.033887,1507,11926.749343
0.618811,1206,11929.125632
-0.118,915,11930.985663
0.381389,2491,11941.920807
0.297667,2140,11945.607014
0.303357,2934,11950.555707
0.167883,1829,11960.037031
0.476219,1635,11962.754394
-0.198126,1030,11964.626813
-0.081598,662,11965.835375
0.194014,2715,11970.518757
-0.234557,981,11972.275544
0.179322,1047,11979.99211
0.592016,1438,11982.201701
0.133057,1703,11985.023917
0.2503,2102,11988.549428
0.076728,1379,11990.979251
0.361908,2527,12001.806273
-0.014942,1495,12004.411178
-0.142159,1192,12006.605227
0.54039,1572,12009.519017
0.285799,1281,12011.932612
0.265588,2814,12024.709899
-0.049674,1183,12026.922678
0.195157,1926,12030.750524
-0.014502,2828,12036.341151
0.149711,1496,12048.50516
0.201557,1622,12051.772057
0.339538,1833,12055.399855
0.197714,2271,12059.391931
-0.164677,1447,12062.06947
-0.144121,789,12072.260509
0.122057,2981,12077.466156
0.354908,1418,12079.943836
0.130807,1674,12083.146271
-0.074307,1280,12085.489782
0.325621,1890,12095.110331
0.406329,1634,12098.205701
0.339699,2530,12103.545997
0.521108,1549,12106.829483
0.380876,2129,12117.164052
0.058421,2058,12120.60195
-0.166979,1165,12122.669249
0.345773,2110,12126.437458
0.247138,2002,12137.376311
0.149921,1180,12139.288849
0.511693,2584,12143.894711
-0.176791,1136,12145.915404
0.352908,1664,12148.821738
-0.127312,1849,12158.788048
0.544936,1316,12161.208335
0.599211,1149,12163.480914
0.35494,2043,12167.800256
0.408811,2341,12172.588739
-0.019531,1417,12181.758382
-0.010623,901,12183.123086
0.046994,1838,12186.223301
0.24922,1410,12188.689362
-0.033295,6476,12206.695807
0.220277,1790,12210.356376
0.368737,1656,12213.762468
0.33258,2100,12226.236943
0.11165,1151,12228.210854
0.196557,1375,12230.870347
0.014402,1405,12233.479885
0.237589,2188,12237.292816
0.032518,1411,12239.757466
0.003139,843,12245.497187
0.289098,1788,12248.251231
0.690836,701,12249.521677
-0.010942,2091,12253.388282
-0.004531,769,12254.649559
0.335737,1704,12257.606098
0.460558,1716,12267.345191
0.146495,2823,12272.648272
0.340808,2130,12276.785089
0.415096,2256,12288.407387
0.423517,2265,12292.218828
0.012139,2429,12296.478313
0.466108,1636,12299.307127
-0.007357,2840,12310.885858
0.226488,1550,12313.514926
-0.15644,1869,12316.860898
0.191297,2374,12321.080671
0.473585,1504,12329.808443
0.294042,2730,12334.617777
0.35394,1773,12338.151054
0.530154,1600,12341.33215
0.281734,1669,12344.484882
-0.018623,2669,12355.968832
-0.043298,1455,12358.607538
0.045437,1359,12361.087024
0.024518,2221,12365.031051
0.336808,1590,12374.929744
0.401413,2844,12379.971104
-0.168979,895,12381.567335
-0.141118,1007,12383.502693
0.466657,2763,12394.474389
0.304308,3021,12400.070276
0.450339,1885,12403.734742
0.331661,1706,12406.922611
0.443513,2346,12417.884653
0.058421,1537,12420.572038
0.326699,2037,12424.354507
0.012225,1494,12427.190407
0.316843,1769,12430.432585
0.459217,1980,12441.580724
0.084302,1658,12444.772436
0.030136,1328,12447.391031
0.213053,2623,12452.322304
0.156322,2651,12464.79359
0.546558,1095,12466.985305
0.494955,1693,12470.458755
0.45089,1984,12474.116551
0.021518,1764,12481.574703
0.044881,1490,12483.930649
0.56698,1517,12486.457962
0.098703,1074,12488.380903
0.377747,2376,12492.476789
0.167059,1382,12494.814553
0.175883,1709,12505.426899
0.48871,1974,12509.439215
0.065305,2749,12515.069207
0.598338,1413,12517.907981
0.319308,1561,12527.510527
0.412043,2963,12533.431036
0.237688,2082,12537.094276
-0.145159,985,12538.849253
-0.352,915,12540.42227
0.548338,1413,12551.438693
0.555971,1712,12554.28417
0.057421,1492,12556.909615
0.248965,1287,12559.084435
0.133057,2030,12562.599952
0.182557,2086,12571.734623
0.600739,1140,12573.76572
0.474249,1719,12577.260436
0.098028,2158,12581.278322
-0.34,911,12582.964917
-0.17935,758,12591.648659
0.083728,2347,12595.187435
0.197297,1468,12597.813368
0.566869,1551,12600.573978
-0.189121,818,12602.011191
0.34894,1684,12605.059255
0.336773,2699,12615.858099
-0.15244,1453,12618.416328
0.508008,1211,12620.573919
0.185564,1227,12622.882768
0.179714,2686,12634.549245
-0.352,1699,12637.997405
0.27822,2328,12643.043996
0.506907,1703,12646.618186
0.524753,1440,12649.546765
0.424355,3074,12661.951985
0.054495,1412,12664.428463
0.109703,1634,12667.322875
0.184557,1963,12670.817373
0.36094,2045,12681.204391
0.17423,1885,12684.668755
0.661558,1095,12687.001753
0.558279,1436,12689.880133
-0.348,1763,12693.514589
0.069959,1342,12702.416846
0.565615,1916,12706.048756
0.136043,1199,12708.464097
0.256138,2488,12713.119035
-0.083274,1099,12715.074707
0.499522,1312,12721.807044
0.409809,2245,12725.591002
0.022136,2963,12730.557955
0.507014,1823,12733.823798
0.391876,2141,12744.229817
0.452504,1872,12748.081621
-0.172979,1335,12750.877581
0.144495,1928,12754.727622
-0.006138,2438,12767.195338
0.286667,1066,12769.171604
0.438189,2043,12773.204572
-0.237288,1258,12775.417634
0.025737,924,12776.96836
0.472955,1693,12780.084968
-0.213029,688,12786.360498
0.436583,1796,12789.373413
0.475529,1807,12792.577061
0.091023,2558,12796.827285
-0.17335,1789,12806.782225
-0.141121,823,12808.299596
-0.136189,1151,12810.536013
0.472204,1363,12813.330404
0.145711,2886,12819.403967
0.136807,1220,12821.991144
0.064484,1189,12828.777686
0.335699,2610,12833.893653
-0.34,1196,12836.333507
0.187866,2286,12840.320549
0.005498,1114,12842.24802
0.510362,2028,12852.582951
-0.048674,2041,12856.004997
0.337699,1801,12858.948646
-0.113,1090,12860.952338
0.060959,1217,12863.263725
0.144711,2402,12875.25526
0.040887,1362,12877.865718
0.632148,840,12879.598276
0.390355,3139,12885.964625
0.610335,1327,12896.341556
0.550996,1469,12898.775395
0.245138,1530,12901.518811
0.339808,3190,12906.908965
0.022881,1342,12913.873905
0.055437,1238,12915.752716
0.095368,2109,12919.458337
0.163701,1148,12921.414466
0.285924,1986,12924.912404
0.123519,1240,12927.170517
-0.126489,868,12935.317512
0.479879,2463,12939.379808
-0.050531,1399,12941.829139
0.36694,2215,12945.597245
0.349808,2037,12956.763387
0.260378,2228,12960.283095
-0.344,1615,12962.845628
0.411794,1949,12966.292834
0.31045,2180,12977.729393
0.274863,1814,12980.651107
0.330699,2778,12985.990405
0.067305,1492,12988.78881
0.209404,1251,12991.134897
0.506698,1604,13000.524442
-0.006357,1678,13003.7018
0.278598,2658,13009.231046
-0.309083,939,13011.091246
0.299308,2246,13021.531714
0.101344,2334,13025.242044
0.553109,1308,13027.56888
0.441244,2773,13032.243541
0.155384,1844,13043.178944
0.211042,2308,13046.870349
-0.142121,888,13048.441746
0.115368,1276,13050.739007
-0.127489,2550,13055.286203
0.246138,2539,13065.878541
0.409917,2113,13069.65346
0.179714,2221,13073.458408
0.049737,1868,13076.768219
-0.298452,1877,13086.16073
0.33458,1369,13088.613862
-0.005357,2804,13093.526341
-0.119719,830,13095.06557
0.300308,1882,13104.851973
0.229564,1949,13108.311931
0.124701,1354,13110.979242
0.340773,3094,13117.106066
-0.050422,1559,13127.826093
0.472301,1748,13130.717713
0.028136,1353,13133.240613
0.286984,3118,13138.635716
0.310404,2657,13150.206966
0.595368,1522,13152.860848
0.329699,3003,13158.260285
0.00955,1066,13160.053886
0.328621,2330,13172.37113
-0.348,900,13173.936116
0.490108,1636,13177.209379
0.34894,2325,13181.92139
0.190396,1861,13185.299352
0.620914,1193,13192.984011
0.437553,2629,13197.754781
0.274527,2610,13202.554555
-0.054422,1920,13205.972645
-0.084913,1187,13214.51346
0.071139,2859,13219.198346
0.419801,1560,13221.809218
0.210059,1687,13225.204559
0.383409,1862,13235.946911
0.640322,1052,13237.97929
-0.091118,1614,13240.873532
0.443702,1915,13244.360033
0.387162,3452,13250.906798
0.366699,2050,13261.246553
0.373977,3086,13266.628433
-0.232113,1393,13269.106846
0.12323,1409,13271.514508
0.302042,1479,13280.752177
0.568183,1294,13283.05332
0.176883,2232,13286.917649
0.022518,1496,13289.643117
0.530784,1366,13292.091463
-0.01668,2937,13303.432084
0.071305,1018,13305.279186
0.28997,2724,13310.028094
0.347737,1768,13313.208855
0.639892,1344,13319.748844
0.006855,1564,13322.188918
0.095668,1225,13324.361195
0.345,1801,13327.577665
0.472427,1538,13330.159488
0.047881,1651,13341.377127
0.013225,991,13343.03387
0.258453,1812,13346.528923
0.469787,1648,13350.035323
-0.150304,1023,13352.169777
0.079139,2064,13356.251092
0.648204,1429,13366.875804
0.365939,3025,13372.853746
0.006862,1325,13375.165512
0.227384,1990,13378.427999
0.342876,2242,13389.442696
0.197564,1201,13391.568037
0.235297,1125,13393.566602
0.051887,1512,13395.958004
0.557229,1287,13398.298949
0.511386,1942,13409.599979
0.124314,1605,13412.244839
0.340808,2629,13416.827312
0.041971,1575,13419.681983
0.116238,2081,13429.905994
-0.12,1614,13432.494546
0.201692,1350,13434.895632
0.034737,1183,13437.013202
0.684381,978,13438.777001
0.016643,2415,13442.923205
-0.125111,1110,13450.66434
0.398594,2233,13454.730518
0.286799,2005,13458.229562
0.269598,2370,13462.348489
0.203396,1478,13472.987632
0.341308,1513,13475.766177
0.184714,1948,13479.609052
-0.007357,1729,13483.051712
0.126792,1286,13485.568843
0.249661,2154,13495.525727
-0.134312,669,13496.60114
0.343876,2604,13501.378678
-0.008771,1029,13503.226975
-0.05985,1051,13505.232678
0.245488,3122,13518.214072
0.624562,972,13519.948566
0.467871,2340,13524.550762
0.474875,1879,13528.267074
0.122057,2666,13539.874019
-0.122719,1198,13542.167489
0.313404,2123,13546.352592
-0.15344,1008,13548.416001
-0.127189,577,13549.613902
0.35697,2611,13561.186213
0.213557,713,13562.260005
0.113238,1736,13565.301626
0.57204,1601,13568.217721
0.085302,2939,13573.526189
0.135807,1693,13583.431731
0.510917,1772,13586.778188
0.45289,1984,13590.66091
-0.182892,1371,13593.457196
0.342661,1840,13597.216324
0.05532,1196,13607.007356
0.568003,1121,13608.97696
0.318357,2521,13613.777064
0.011855,940,13615.43863
0.233488,1483,13618.115767
0.415717,2466,13628.162335
0.343808,1709,13631.08551
0.584244,1608,13634.021003
0.096668,1535,13636.554459
0.106028,2350,13647.604141
-0.024502,2007,13650.799988
-0.333,890,13652.465175
-0.047531,2725,13656.962313
-0.138189,659,13658.181191
0.339967,3296,13670.576363
-0.180791,1061,13672.411742
0.282734,1350,13674.706909
-0.118502,2213,13678.406096
0.197564,3053,13691.402873
0.026225,1434,13693.863806
0.489866,1250,13695.99508
0.08349,1288,13698.203598
-0.321,1320,13700.429555
0.329621,1685,13703.359193
-0.232557,1298,13713.300883
0.606523,1118,13715.171852
0.053484,2363,13719.785289
0.09349,1452,13722.608447
0.359737,1744,13725.928463
0.63853,1003,13734.332461
0.019225,1646,13737.076798
0.028136,2524,13741.668353
-0.087675,895,13743.232597
0.374908,2064,13746.932971
0.007229,1155,13754.971577
0.201157,1212,13756.93639
0.353908,2406,13761.307093
0.06587,1085,13763.298836
0.341843,2378,13767.563742
0.031377,1204,13776.349993
0.197124,1392,13778.659508
-0.346,1903,13781.976151
0.161515,2251,13785.807302
0.482506,2363,13797.66421
0.460678,2247,13801.365208
0.475836,1902,13804.894989
0.097926,1875,13808.011342
0.099421,866,13809.599816
-0.108708,1940,13819.531449
0.094305,1113,13821.371849
0.273231,2875,13827.032968
0.010855,1008,13828.783715
0.468207,1491,13831.850867
0.576108,1822,13843.008588
0.327951,2642,13848.095176
0.228167,1791,13851.548902
0.190157,2243,13855.023417
0.300871,2340,13865.134434
-0.352,1631,13868.135422
-0.126121,1092,13870.079495
-0.351,1023,13871.903042
0.176557,986,13873.667902
0.380591,3350,13885.934326
0.01555,1034,13888.021364
0.088305,950,13889.917151
0.486216,2553,13895.088575
0.207816,3143,13908.853539
0.371773,1858,13912.35979
-0.027295,1026,13914.458586
0.353808,1903,13918.233277
0.156515,1681,13921.509578
-0.134312,631,13927.084236
-0.04885,1505,13929.471706
0.535585,1504,13932.09573
0.166322,2423,13936.496748
-0.05906,1482,13938.945118
0.161515,1355,13948.109291
0.681535,1177,13950.1486
0.577892,1344,13952.833004
0.562907,1703,13956.19964
0.051971,1513,13959.241045
0.5887,1754,13962.745448
-0.345,1199,13971.41597
0.281734,1704,13974.264141
0.139272,2369,13978.39576
0.344843,1778,13981.339519
0.269598,2204,13991.660098
0.416516,2547,13995.950529
0.497758,1676,13998.908149
0.346843,3144,14004.4728
0.364908,2114,14015.961803
0.439135,2638,14020.663598
-0.086274,1417,14023.07335
0.365268,2874,14034.994134
-0.119,1893,14038.287338
-0.025502,810,14039.742217
0.508041,1180,14041.694137
0.647913,1038,14043.607857
0.464803,1704,14046.521755
-0.017295,1318,14055.698865
0.35097,1675,14058.421014
-0.349,2186,14062.324913
0.226589,1595,14065.409827
0.44358,1817,14068.805811
0.48692,1824,14079.27806
0.221384,1982,14082.744003
-0.339,1499,14085.674424
0.077421,1862,14088.888933
0.255378,1689,14097.90815
0.328699,1226,14099.837378
0.224384,2474,14104.076283
-0.097603,998,14105.839232
0.03832,914,14107.485172
0.244488,1781,14110.675967
0.351,2431,14120.292452
-0.014771,1094,14122.248672
0.350908,1909,14125.688015
0.339843,3331,14138.896275
0.063421,1769,14141.698705
-0.113489,1072,14143.671387
0.116238,1921,14147.114321
0.510472,1354,14149.419276
0.255378,2437,14159.194096
-0.006942,1634,14161.784609
-0.155677,935,14163.240078
0.693159,1026,14164.830545
0.573481,1292,14167.125355
0.422747,2293,14171.310482
-0.11333,1497,14180.352993
0.380881,2622,14185.078288
-0.013942,2046,14189.160861
0.049437,1034,14191.282097
0.112703,1383,14193.755724
0.516503,1397,14203.871927
0.384,3374,14210.65889
0.244138,1520,14213.461159
0.027136,1111,14215.382435
0.35497,3218,14228.921837
0.395975,2620,14233.58507
0.457766,1359,14236.081581
0.487023,1655,14239.106046
0.206936,3242,14251.639601
0.111432,1285,14254.33004
-0.062913,1276,14256.976364
-0.149268,1026,14259.110661
0.070484,913,14260.918533
0.185866,2869,14271.338564
-0.018502,1418,14273.930645
0.119028,1392,14276.375671
0.472457,2869,14281.358383
0.026136,1662,14290.379261
0.323661,2705,14295.010204
0.095368,1417,14297.620254
0.06287,1772,14300.565428
0.050994,1525,14309.718914
0.173711,1558,14312.459345
0.31145,2646,14317.731812
0.119948,1184,14320.050819
0.004855,2053,14324.262593
-0.014674,1540,14333.344691
0.115519,1218,14335.421119
0.227167,1547,14338.256114
-0.089675,1361,14340.469392
0.319,1339,14342.884171
0.281863,2133,14353.309089
0.419832,2521,14357.519367
-0.11533,1625,14360.416643
0.226692,1537,14363.302642
0.34894,2601,14375.63607
0.275799,1383,14378.08126
0.218167,2775,14383.277673
0.193157,1321,14385.820879
0.07587,847,14387.595169
0.482878,1948,14396.832592
0.588079,1288,14398.997225
0.663146,1103,14400.983336
-0.02413,921,14402.622267
0.184714,3048,14408.584748
0.34894,2586,14419.347341
0.24922,2159,14423.277756
-0.111312,1626,14426.758277
-0.123312,969,14428.892769
0.504513,2346,14440.114188
0.048971,1728,14443.376375
0.487317,1451,14446.337762
0.473122,1730,14449.920064
0.091668,2209,14454.115231
0.517331,1498,14463.041074
0.241783,1885,14466.088192
0.031136,1596,14468.918597
-0.047345,1785,14472.031466
-0.000516,1393,14474.472964
0.312495,2930,14485.000945
0.005139,1004,14486.791008
0.085302,2367,14490.806831
-0.094133,1732,14493.973295
0.284042,1848,14504.278667
-0.118719,1563,14506.928619
0.234783,2999,14511.851023
0.600712,1264,14514.163608
0.437419,2251,14525.074047
0.272453,2300,14528.89555
0.115519,2167,14532.707258
0.41744,1633,14535.688889
0.320538,2567,14545.708786
0.097023,1087,14547.829097
0.316538,2487,14552.813538
-0.065113,1315,14555.433518
0.049994,1203,14557.890195
0.409277,2572,14569.518979
0.012139,1278,14572.075978
0.236277,1895,14575.469777
0.603907,1703,14578.58982
